Table,Code,Description,num_patient,Score
Pocedure,37113,UP AD LIB,127718,0.0205329698095939
Pocedure,474911,ABO/RH,50859,0.0180072774949093
Medication,D1D,CHLORHEXIDINE GLUCONATE 0.12 % MM MWSH,44650,0.0169458370571651
Medication,D1D,TRIAMCINOLONE ACETONIDE 0.1 % DENTAL PSTE,2993,0.0169458370571651
Medication,D1D,PAROEX ORAL RINSE 0.12 % MM MWSH,352,0.0169458370571651
Medication,D1D,PERIDEX 0.12 % MM MWSH,283,0.0169458370571651
Medication,D1D,ORALONE 0.1 % DENTAL PSTE,136,0.0169458370571651
Medication,P2B,VASOPRESSIN 20 UNIT/ML IV SOLN,10043,0.0156485298782134
Medication,P2B,VASOPRESSIN 20 UNIT/ML INJ SOLN,3391,0.0156485298782134
Medication,P2B,VASOPRESSIN IN 0.9 % SOD CHLOR 60 UNIT/100 ML (0.6 UNIT/ML) IV SOLN,2718,0.0156485298782134
Medication,P2B,DESMOPRESSIN 4 MCG/ML INJ SOLN,1374,0.0156485298782134
Medication,P2B,DESMOPRESSIN 0.1 MG PO TABS,1158,0.0156485298782134
Pocedure,456456,TRANSFUSE RED BLOOD CELLS,40252,0.0153146930041485
Pocedure,900,FERRITIN,146186,0.0150856544019699
Lab result,LYMAB,"LYM, ABS",496919,0.0149007940285614
Lab result,LYMAB,"Lymphocyte, Absolute",386943,0.0149007940285614
Lab result,LYMAB,"Lymphocytes, ABS (man diff)",53200,0.0149007940285614
Lab result,LYMAB,"Lym, ABS (man diff)",43787,0.0149007940285614
Lab result,LYMAB,"Lymphocytes, Abs.",24480,0.0149007940285614
Lab result,RBC,RBC,975574,0.0145994287494461
Lab result,RBC,RBC (MANUAL ENTRY) See EMR for details,10078,0.0145994287494461
Lab result,RBC,Total Cell Count{Menlo},385,0.0145994287494461
Lab result,RBC,Red cells,27,0.0145994287494461
Lab result,RBC,ADULT RBC,10,0.0145994287494461
Lab result,TP,"Protein, Total, Ser/Plas",785231,0.0144490128179033
Lab result,TP,Protein-Total,16,0.0144490128179033
Lab result,TBIL,Total Bilirubin,531297,0.014422169019798
Lab result,TBIL,"Total Bilirubin, Ser/Plas",411355,0.014422169019798
Lab result,TBIL,Total Bilirubin (Manual Entry) See EMR for details,93582,0.014422169019798
Lab result,TBIL,"Bilirubin, Total, Neonatal",107,0.014422169019798
Pocedure,2233,TYPE AND SCREEN,242768,0.0140860162652716
Pocedure,473871,BLOOD TYPE VERIFICATION - FULL,28340,0.0138649461488924
Pocedure,311,"BLOOD GASES, ARTERIAL",74180,0.0138233839858294
Pocedure,311,ARTERIAL BLOOD GAS,46013,0.0138233839858294
Lab result,SPECEXPDATE,Specimen Expiration Date,140639,0.0133474724566129
Pocedure,481775,AB SCREEN (SHC),36269,0.0133033060736358
Lab result,ALB,"Albumin, Ser/Plas",800563,0.0132559186824701
Lab result,ALB,ALBUMIN BLD  (MANUAL ENTRY) See EMR for details,9434,0.0132559186824701
Lab result,ALB,Albumin,7018,0.0132559186824701
Lab result,ALB,"Albumin, Serum",50,0.0132559186824701
Medication,M0B,"ALBUMIN, HUMAN 5 % 5 % IV SOLP",36901,0.0125731184726547
Medication,M0B,"ALBUMIN, HUMAN 25 % 25 % IV SOLP",10600,0.0125731184726547
Medication,M0B,ANTITHROMBIN III (HUMAN) 500 (+/-) UNIT IV SOLR,73,0.0125731184726547
Medication,M0B,"ALBUMIN, HUMAN 25 % 25 G/100 ML PREMIX (RWC PAV D USE ONLY)",43,0.0125731184726547
Medication,M0B,"ALBUMIN, HUMAN 25 % 12.5 G/50 ML PREMIX (RWC PAV D USE ONLY)",16,0.0125731184726547
Lab result,GLOB,Globulin,749063,0.0123444399868906
Lab result,GLOB,GAMMA GLOBULIN,5347,0.0123444399868906
Lab result,GLOB,"Globulin, Total",125,0.0123444399868906
Pocedure,880100001,ARTERIAL LINE,49560,0.0122858322116952
Pocedure,880100001,Arterial Line,17570,0.0122858322116952
Lab result,ALT,"ALT (SGPT), Ser/Plas",815520,0.0120264092905502
Lab result,ALT,ALT (Manual Entry) See EMR for details,112610,0.0120264092905502
Lab result,ALT,ALT,8266,0.0120264092905502
Lab result,AS,Antibody Screen,236027,0.0118363026855201
Lab result,AS,Antibody Screen (Manual Entry) See EMR for details,4366,0.0118363026855201
Lab result,AS,Antibody Screen Gel,3509,0.0118363026855201
Lab result,AS,Ab Screen (Ind. Coombs),3475,0.0118363026855201
Lab result,AST,"AST (SGOT), Ser/Plas",813935,0.011735220537056
Lab result,AST,AST (Manual Entry) See EMR for details,111398,0.011735220537056
Lab result,AST,AST,7194,0.011735220537056
Medication,S2B,IBUPROFEN 600 MG PO TABS,109543,0.0116247391091381
Medication,S2B,KETOROLAC 30 MG/ML (1 ML) INJ SOLN,51725,0.0116247391091381
Medication,S2B,IBUPROFEN 800 MG PO TABS,45051,0.0116247391091381
Medication,S2B,IBUPROFEN 400 MG PO TABS,42858,0.0116247391091381
Medication,S2B,KETOROLAC 15 MG/ML INJ SOLN,41164,0.0116247391091381
Pocedure,100966,SURGICAL PREPARATION,109675,0.0116072056669167
Lab result,XMUCUS,"Mucous Threads, urine",146805,0.011494868810995
Pocedure,118571,PHYSICAL ACTIVITY,263527,0.0113006341364803
Pocedure,100975,KEEP HEAD OF BED ELEVATED,57262,0.0111102598348844
Lab result,BUN,"Urea Nitrogen,Ser/Plas",513379,0.0109924068467235
Lab result,BUN,"BUN, Ser/Plas",431163,0.0109924068467235
Lab result,BUN,BUN,144348,0.0109924068467235
Lab result,BUN,BUN (Manual Entry) See EMR for details,87845,0.0109924068467235
Lab result,BUN,"BUN, ISTAT",9453,0.0109924068467235
Pocedure,419036,"LACTATE, WHOLE BLOOD",38859,0.0109533096830507
Medication,H2C,KETAMINE 100 MG/ML INJ SOLN,46180,0.0109172775027546
Medication,H2C,ETOMIDATE 2 MG/ML IV SOLN,12381,0.0109172775027546
Medication,H2C,PROPOFOL 10 MG/ML IV EMUL,10433,0.0109172775027546
Medication,H2C,PROPOFOL 10 MG/ML IV INFUSION,7689,0.0109172775027546
Medication,H2C,KETAMINE 10 MG/ML INJ SOLN,4825,0.0109172775027546
Lab result,CR,"Creatinine, Ser/Plas",931885,0.0105649621309555
Lab result,CR,"Creatinine, Serum (Manual Entry) See EMR for details",122459,0.0105649621309555
Lab result,CR,"Creatinine,ISTAT",108293,0.0105649621309555
Lab result,CR,Creatinine,12574,0.0105649621309555
Lab result,CR,"Creatinine, Serum",9841,0.0105649621309555
Diagnosis,BLD006,"Thrombocytopenia, unspecified",19381,0.0105430614100765
Diagnosis,BLD006,Thrombocytopenia (CMS-HCC),14647,0.0105430614100765
Diagnosis,BLD006,"Thrombocytopenia, unspecified (CMS-HCC)",12938,0.0105430614100765
Diagnosis,BLD006,Other secondary thrombocytopenia,7780,0.0105430614100765
Diagnosis,BLD006,"Coagulation defect, unspecified",5047,0.0105430614100765
Lab result,IGABSWAM,"Imm. Granulocyte, Abs",225266,0.0104307939461734
Diagnosis,MUS010,Pain in limb,66008,0.0101876851575963
Diagnosis,MUS010,Pain in right knee,54116,0.0101876851575963
Diagnosis,MUS010,Pain in left knee,51320,0.0101876851575963
Diagnosis,MUS010,"Pain in joint, lower leg",48101,0.0101876851575963
Diagnosis,MUS010,"Backache, unspecified",41181,0.0101876851575963
Medication,Q6Y,WHITE PETROLATUM-MINERAL OIL OPHTH OINT,12312,0.010158308369744
Medication,Q6Y,WHITE PETROLATUM-MINERAL OIL OPHTH OINT WRAPPER,7818,0.010158308369744
Medication,Q6Y,WHITE PETROLATUM-MINERAL OIL 56.8-42.5 % OPHT OINT,2208,0.010158308369744
Medication,Q6Y,WHITE PETROLATUM-MINERAL OIL 94-3 % OPHT OINT,1289,0.010158308369744
Medication,Q6Y,WHITE PETROLATUM OPHT OINT,981,0.010158308369744
Lab result,ALKP,"Alk P'TASE, Total, Ser/Plas",794773,0.0098146379106707
Lab result,ALKP,"ALK P'TASE Total, Serum (Manual Entry) See EMR for details",75602,0.0098146379106707
Lab result,ALKP,Alkaline Phosphatase,233,0.0098146379106707
Lab result,ALKP,Total Alkaline Phosphatase,122,0.0098146379106707
Diagnosis,RSP012,Acute respiratory failure with hypoxia,12114,0.0096405548402735
Diagnosis,RSP012,Acute respiratory failure (CMS-HCC),10319,0.0096405548402735
Diagnosis,RSP012,"Acute respiratory failure, unspecified whether with hypoxia or hypercapnia",4850,0.0096405548402735
Diagnosis,RSP012,Acute and chronic respiratory failure with hypoxia,3870,0.0096405548402735
Diagnosis,RSP012,Acute respiratory failure with hypoxia (CMS-HCC),3129,0.0096405548402735
Lab result,IGWAM,"Imm. Granulocyte, %",225268,0.0092673270570573
Pocedure,1746,RED BLOOD CELLS,89427,0.0092525829560814
Lab result,ABORH,ABO/Rh (Automation),225482,0.0091273768417914
Lab result,ABORH,ABO/RH,48626,0.0091273768417914
Lab result,ABORH,ABO/Rh Cord,5673,0.0091273768417914
Lab result,ABORH,ABO (Automation) (Manual Entry) See EMR for details,2995,0.0091273768417914
Lab result,ABORH,ABO/RH Manual Entry,785,0.0091273768417914
Diagnosis,RSP016,"Other diseases of lung, not elsewhere classified",22159,0.0090333565011457
Diagnosis,RSP016,Chronic pulmonary edema,14987,0.0090333565011457
Diagnosis,RSP016,Pulmonary congestion and hypostasis,11485,0.0090333565011457
Diagnosis,RSP016,Other disorders of lung,10766,0.0090333565011457
Diagnosis,RSP016,Other specified respiratory disorders,8171,0.0090333565011457
Pocedure,657586,RAINBOW DRAW (FOR ED/RRT/CODE BLUE ONLY),85896,0.0090013484635471
Pocedure,657586,RAINBOW DRAW,7980,0.0090013484635471
Lab result,NEUTAB,"NEUT, ABS",522238,0.0089524881425453
Lab result,NEUTAB,"Neutrophil, Absolute",384165,0.0089524881425453
Lab result,NEUTAB,"Neut, ABS (man diff)",41867,0.0089524881425453
Lab result,NEUTAB,"Neut, ABS (Seg+Band) (man diff)",31195,0.0089524881425453
Lab result,NEUTAB,"NEUTS, ABS",5167,0.0089524881425453
Lab result,EGFR,eGFR,671284,0.0089041890038172
Lab result,EGFR,eGFR (Non African American (Manual Entry) See EMR for details,72618,0.0089041890038172
Lab result,EGFR,EGFR African American (Manual Entry) SEE EMR for Details,23322,0.0089041890038172
Lab result,EGFR,EGFR Mutation,1224,0.0089041890038172
Medication,M9D,"TRANEXAMIC ACID 1,000 MG/10 ML (100 MG/ML) IV SOLN",15147,0.008689836433896
Medication,M9D,AMINOCAPROIC ACID 250 MG/ML IV SOLN,6004,0.008689836433896
Medication,M9D,TRANEXAMIC ACID 650 MG PO TABS,1212,0.008689836433896
Medication,M9D,"TRANEXAMIC ACID IN NACL,ISO-OS 1,000 MG/100 ML (10 MG/ML) IV PGBK",639,0.008689836433896
Medication,M9D,LYSTEDA 650 MG PO TABS,590,0.008689836433896
Pocedure,1434,VITAL SIGNS PER PROTOCOL,262833,0.0085929457891424
Pocedure,1048,HEPATIC FUNCTION PANEL A,173961,0.0085780194272959
Pocedure,480951,"NOVEL CORONAVIRUS 2019 (SARS-COV-2), RT PCR",430381,0.0083978648493836
Pocedure,2261,URINALYSIS WITH MICROSCOPIC,358343,0.0082449741390497
Pocedure,2261,"URINALYSIS, COMPLETE",401,0.0082449741390497
Medication,C1F,CALCIUM PO,36076,0.008132441804441
Medication,C1F,VITAMIN D (WITH CALCIUM) PO,31603,0.008132441804441
Medication,C1F,CALCIUM GLUCONATE IN 0.9% NACL 1 GRAM/50 ML IV SOLN,30407,0.008132441804441
Medication,C1F,CALCIUM + D PO,18851,0.008132441804441
Medication,C1F,CALCIUM CHLORIDE 1 GRAM (13.6 MEQ)/50 ML NS IVPB,18116,0.008132441804441
Lab result,GLU,"Glucose, Ser/Plas",894413,0.0080866178323348
Lab result,GLU,Glucose by Meter,219614,0.0080866178323348
Lab result,GLU,"Glucose, Whole Blood",116977,0.0080866178323348
Lab result,GLU,"Glucose, SER/PLAS (Manual Entry) See EMR for details",111348,0.0080866178323348
Lab result,GLU,"Glucose,ISTAT",58290,0.0080866178323348
Lab result,XURBC,"RBC, urine",218650,0.007997007076272
Pocedure,414593,BLOOD TYPE VERIFICATION,90090,0.0078340180569014
Pocedure,414593,BLOOD TYPE VERIFICATION - ORDER,31488,0.0078340180569014
Lab result,XUBLOOD,"Blood, urine",220887,0.0078317675901258
Lab result,FASTING,Fasting,354582,0.0077881250826079
Pocedure,1735,MRSA SCREEN,66723,0.0077564954727238
Pocedure,1735,MRSA SCREEN BY CULTURE,30403,0.0077564954727238
Lab result,NRBCPERCENT,"nRBC, %",228738,0.0076406011312433
Lab result,MONOAB,"MONO, ABS",515767,0.0075863689221746
Lab result,MONOAB,"Monocyte, Absolute",386715,0.0075863689221746
Lab result,MONOAB,"Monocytes, ABS (man diff)",52778,0.0075863689221746
Lab result,MONOAB,"Mono, ABS (man diff)",41047,0.0075863689221746
Lab result,MONOAB,"MONOS, ABS",237,0.0075863689221746
Lab result,GFR,eGFR for African American,392642,0.0075093498163723
Lab result,GFR,GFR,13115,0.0075093498163723
Diagnosis,SYM004,Nausea,54051,0.0074620519508832
Diagnosis,SYM004,"Nausea with vomiting, unspecified",49972,0.0074620519508832
Diagnosis,SYM004,Nausea with vomiting,31162,0.0074620519508832
Diagnosis,SYM004,"Vomiting, unspecified",25617,0.0074620519508832
Diagnosis,SYM004,Nausea alone,24577,0.0074620519508832
Lab result,HCT,Hematocrit,988518,0.0074613019009619
Lab result,HCT,Hct (Est),99973,0.0074613019009619
Lab result,HCT,Hematocrit (Manual Entry) See EMR for details,96497,0.0074613019009619
Lab result,HCT,"Hct, ISTAT",44756,0.0074613019009619
Lab result,HCT,"Hct(Calc), ISTAT",30262,0.0074613019009619
Pocedure,17678,FOLEY RETENTION CATHETER,107867,0.0074417869216287
Pocedure,17678,"FOLEY, RETENTION CATHETER",17502,0.0074417869216287
Lab result,NRBCABSOLUTE,"nRBC, Abs",228741,0.0074413746313606
Medication,R1M,FUROSEMIDE 10 MG/ML INJ SOLN,62358,0.0074376669725406
Medication,R1M,FUROSEMIDE 20 MG PO TABS,55422,0.0074376669725406
Medication,R1M,FUROSEMIDE 40 MG PO TABS,34906,0.0074376669725406
Medication,R1M,LASIX 20 MG PO TABS,11992,0.0074376669725406
Medication,R1M,LASIX 40 MG PO TABS,8573,0.0074376669725406
Lab result,BASO,"BASO, %",506797,0.0074270742758952
Lab result,BASO,Basophil %,386735,0.0074270742758952
Lab result,BASO,"BASOS, %",74681,0.0074270742758952
Lab result,BASO,Basophils,49852,0.0074270742758952
Lab result,CL,"Chloride, Ser/Plas",909379,0.0073934028168942
Lab result,CL,"Chloride, Whole Bld",115389,0.0073934028168942
Lab result,CL,CHLORIDE BLD  (MANUAL ENTRY) See EMR for details,11132,0.0073934028168942
Lab result,CL,"Chloride, ISTAT",9458,0.0073934028168942
Lab result,CL,"CHLORIDE, SERUM/PLASMA (MANUAL ENTRY)SEE EMR FOR DETAILS",6149,0.0073934028168942
Medication,H0A,LIDOCAINE (PF) 10 MG/ML (1 %) INJ SOLN,176397,0.0073342692035878
Medication,H0A,LIDOCAINE (PF) 20 MG/ML (2 %) INJ SOLN,132838,0.0073342692035878
Medication,H0A,LIDOCAINE HCL 10 MG/ML (1 %) INJ SOLN,57440,0.0073342692035878
Medication,H0A,"LIDOCAINE-EPINEPHRINE 1 %-1:100,000 INJ SOLN",46048,0.0073342692035878
Medication,H0A,BENZOCAINE-MENTHOL 15-3.6 MG MM LOZG,37590,0.0073342692035878
Pocedure,418745,ADDITIONAL INSTRUCTIONS,134480,0.007322643024862
Pocedure,35000004791,TRANSFER PATIENT,55137,0.0073194077928548
Pocedure,35000004791,CHANGE LEVEL OF CARE/TRANSFER PATIENT,31374,0.0073194077928548
Pocedure,35000004791,TRANSFER PATIENT/CHANGE LEVEL OF CARE,12068,0.0073194077928548
Pocedure,35000004791,CHANGE LEVEL OF CARE/TRANSFER INPATIENT,248,0.0073194077928548
Lab result,BASOAB,"BASOS, ABS",570478,0.0072517249509365
Lab result,BASOAB,"Basophil, Absolute",386712,0.0072517249509365
Lab result,BASOAB,"Basophils, ABS (man diff)",25934,0.0072517249509365
Lab result,BASOAB,"Baso, ABS (man diff)",20844,0.0072517249509365
Lab result,MONO,"MONO, %",516214,0.0072437407342929
Lab result,MONO,Monocyte %,386739,0.0072437407342929
Lab result,MONO,Monocytes,170474,0.0072437407342929
Lab result,MONO,Mono Titer,30,0.0072437407342929
Lab result,MONO,Mono Antibody Titer,1,0.0072437407342929
Lab result,AG,Anion Gap,723779,0.0072142502064054
Lab result,AG,A/G Ratio,3789,0.0072142502064054
Lab result,WBC,WBC,975990,0.007189485417762
Lab result,WBC,WBC (Manual Entry) See EMR for details,104161,0.007189485417762
Lab result,WBC,WBC count,15815,0.007189485417762
Lab result,WBC,WBC Count,193,0.007189485417762
Lab result,WBC,White Cells,1,0.007189485417762
Lab result,XSQEP,Squamous Cells,158621,0.0071757336631352
Lab result,CO2,"CO2, Ser/Plas",906147,0.0071630926501111
Medication,C4G,INSULIN LISPRO 100 UNIT/ML SC SOLN,42013,0.0070671404873154
Medication,C4G,INSULIN REGULAR HUMAN 100 UNIT/ML INJ SOLN,39435,0.0070671404873154
Medication,C4G,INSULIN GLARGINE 100 UNIT/ML SC SOLN,15498,0.0070671404873154
Medication,C4G,INSULIN ASPART 100 UNIT/ML SC SOLN,12049,0.0070671404873154
Medication,C4G,INSULIN NPH ISOPH U-100 HUMAN 100 UNIT/ML SC SUSP,9163,0.0070671404873154
Medication,Q5H,LIDOCAINE 4 % TP CREA,50103,0.0070440444712307
Medication,Q5H,LIDOCAINE 5 % TP PTMD,44421,0.0070440444712307
Medication,Q5H,LIDOCAINE-PRILOCAINE 2.5-2.5 % TP CREA,15900,0.0070440444712307
Medication,Q5H,BUTAMBEN-TETRACAINE-BENZOCAINE 2 %-2 %-14 % (200 MG/SEC) TP SPRA,13857,0.0070440444712307
Medication,Q5H,LIDOCAINE 5 %(700 MG/PATCH) TP PTMD,13442,0.0070440444712307
Lab result,NEUT,"NEUT, %",507163,0.0070106337453521
Lab result,NEUT,Neutrophil %,384147,0.0070106337453521
Lab result,NEUT,Neutrophils,75228,0.0070106337453521
Lab result,NEUT,Segmented Neutrophils,53321,0.0070106337453521
Lab result,NEUT,Seg neutrophils,50995,0.0070106337453521
Lab result,CAION,"Calcium, Ionized",97837,0.0070047994875952
Lab result,CAION,Calcium Ionized,59715,0.0070047994875952
Lab result,CAION,"Calcium,Ion, ISTAT",36786,0.0070047994875952
Lab result,CAION,"Calcium, Ionized, Serum",706,0.0070047994875952
Lab result,LYM,"LYM, %",512717,0.0069887063635596
Lab result,LYM,Lymphocyte %,386962,0.0069887063635596
Lab result,LYM,Lymphocytes,100957,0.0069887063635596
Lab result,LYM,Lymphocytes %,24390,0.0069887063635596
Lab result,PLT,Platelet count,975807,0.0069611115372389
Lab result,PLT,Platelet Count (Manual Entry) See EMR for details,103123,0.0069611115372389
Lab result,PLT,Platelets,7908,0.0069611115372389
Lab result,PLT,"Platelet Ct, Manual",478,0.0069611115372389
Lab result,PLT,"Platelet Count, Manual {MENLO}",125,0.0069611115372389
Medication,W5A,VALACYCLOVIR 1 GRAM PO TABS,23451,0.0069558043695718
Medication,W5A,ACYCLOVIR 400 MG PO TABS,23403,0.0069558043695718
Medication,W5A,OSELTAMIVIR 75 MG PO CAPS,18189,0.0069558043695718
Medication,W5A,VALACYCLOVIR 500 MG PO TABS,16969,0.0069558043695718
Medication,W5A,ACYCLOVIR 800 MG PO TABS,7192,0.0069558043695718
Pocedure,17581,NOTIFY MD:VITAL SIGNS,267085,0.0069411723385885
Medication,J5E,EPHEDRINE SULFATE 50 MG/ML INJ SOLN,112778,0.0067544414936142
Medication,J5E,PHENYLEPHRINE HCL 10 MG/ML INJ SOLN,107666,0.0067544414936142
Medication,J5E,PHENYLEPHRINE HCL IN 0.9% NACL 40 MG/250 ML (160 MCG/ML) IV SOLN,7776,0.0067544414936142
Medication,J5E,PHENYLEPHRINE IN 0.9% NACL(PF) 0.5 MG/5 ML (100 MCG/ML) IV SYRG,3399,0.0067544414936142
Medication,J5E,PHENYLEPHRINE HCL IN 0.9% NACL 1 MG/10 ML (100 MCG/ML) IV SYRG,2543,0.0067544414936142
Diagnosis,FAC009,Other specified postprocedural states,91771,0.0067415202951686
Diagnosis,FAC009,Other postprocedural status(V45.89),46825,0.0067415202951686
Diagnosis,FAC009,Fitting and adjustment of vascular catheter,25346,0.0067415202951686
Diagnosis,FAC009,Encounter for fitting and adjustment of non-vascular catheter NEC,21907,0.0067415202951686
Diagnosis,FAC009,Arthrodesis status,20784,0.0067415202951686
Pocedure,433709,SLIDE REVIEW,51880,0.0066829912561507
Lab result,HGB,Hemoglobin,982722,0.0066340530543311
Lab result,HGB,Hemoglobin (Manual Entry) See EMR for details,114709,0.0066340530543311
Lab result,HGB,"Hgb(Calc), ISTAT",71388,0.0066340530543311
Lab result,HGB,HgB,46893,0.0066340530543311
Lab result,HGB,HGB (Manual Entry) See EMR for details,3202,0.0066340530543311
Lab result,CA,"Calcium, Ser/Plas",896056,0.0065906335036278
Lab result,CA,"Calcium, Serum (Manual Entry) See EMR for details",91151,0.0065906335036278
Lab result,CA,Calcium,88,0.0065906335036278
Lab result,CA,"Calcium, Serum",25,0.0065906335036278
Diagnosis,RSP011,Atelectasis,25228,0.006540393815601
Diagnosis,RSP011,Pulmonary collapse,19540,0.006540393815601
Diagnosis,RSP011,Other specified pleural conditions,2623,0.006540393815601
Diagnosis,RSP011,Pleurisy without mention of effusion or current tuberculosis,2328,0.006540393815601
Diagnosis,RSP011,Pleural effusion in other conditions classified elsewhere,1483,0.006540393815601
Medication,C6D,VITAMIN D3 PO,82759,0.0064901512152468
Medication,C6D,"ERGOCALCIFEROL (VITAMIN D2) 50,000 UNIT PO CAPS",24427,0.0064901512152468
Medication,C6D,"CHOLECALCIFEROL (VITAMIN D3) 1,000 UNIT PO TABS",14589,0.0064901512152468
Medication,C6D,VITAMIN D PO,11667,0.0064901512152468
Medication,C6D,"CHOLECALCIFEROL (VITAMIN D3) 25 MCG (1,000 UNIT) PO TABS",10165,0.0064901512152468
Medication,W1Y,CEFTRIAXONE 1 GRAM INJ SOLR,14140,0.0064602362444359
Medication,W1Y,CEFTRIAXONE 1 GRAM/10 ML IV PUSH (VIAL ONLY),11238,0.0064602362444359
Medication,W1Y,CEFDINIR 300 MG PO CAPS,6300,0.0064602362444359
Medication,W1Y,CEFTRIAXONE 1 GRAM IV SOLR,6118,0.0064602362444359
Medication,W1Y,CEFTRIAXONE 2 GRAM/20 ML IV PUSH (VIAL ONLY),5851,0.0064602362444359
Lab result,K,"Potassium, Ser/Plas",918122,0.0063942569343311
Lab result,K,"Potassium, Whole Bld",117286,0.0063942569343311
Lab result,K,Potassium (Manual Entry) See EMR for details,113142,0.0063942569343311
Lab result,K,"Potassium, ISTAT",71483,0.0063942569343311
Lab result,K,"Potassium, serum/plasma",2284,0.0063942569343311
Lab result,SARSCOV2TYPE,SPECIMEN TYPE,343807,0.0062897459418109
Diagnosis,FAC014,Encounter for general adult medical examination without abnormal findings,278500,0.0062463244272454
Diagnosis,FAC014,Routine general medical examination at a health care facility,184958,0.0062463244272454
Diagnosis,FAC014,Encounter for other preprocedural examination,144380,0.0062463244272454
Diagnosis,FAC014,Preventative health care,108293,0.0062463244272454
Diagnosis,FAC014,Encounter for gynecological examination (general) (routine) without abnormal findings,100835,0.0062463244272454
Lab result,EOS,"EOS, %",562503,0.0061966680766054
Lab result,EOS,Eosinophil %,386735,0.0061966680766054
Lab result,EOS,Eosinophils,73183,0.0061966680766054
Pocedure,706,DIET REGULAR,226213,0.0061247111563964
Lab result,POCTSOURCE,Sample Type,51668,0.0061079475060275
Pocedure,1200,CONSULT TO NUTRITION,47612,0.0060771675300737
Pocedure,880100004,SIMPLE AIRWAY,149218,0.0060551748534289
Pocedure,880100004,Simple Airway,57279,0.0060551748534289
Pocedure,880100004,x,1,0.0060551748534289
Pocedure,880100004,Simple airway,1,0.0060551748534289
Pocedure,880100004,Complex Airway,4,0.0060551748534289
Pocedure,501391,RISK FOR VENOUS THROMBOEMBOLISM - VTE RISK ASSESSMENT,103363,0.0059445720729705
Pocedure,482552,XR CHEST 2 VIEWS,160440,0.0059400797919204
Medication,A2A,AMIODARONE 200 MG PO TABS,20862,0.005883180439909
Medication,A2A,"AMIODARONE IN DEXTROSE,ISO-OSM 150 MG/100 ML (1.5 MG/ML) IV SOLN",6339,0.005883180439909
Medication,A2A,LIDOCAINE IN 5 % DEXTROSE (PF) 8 MG/ML (0.8 %) IV SOLP,5717,0.005883180439909
Medication,A2A,FLECAINIDE 50 MG PO TABS,3684,0.005883180439909
Medication,A2A,FLECAINIDE 100 MG PO TABS,3540,0.005883180439909
Lab result,GLUURN,"Glucose, urine",220885,0.0058531298914019
Lab result,GLUURN,Glucose Urine,99481,0.0058531298914019
Lab result,GLUURN,"Glucose, Urine POC",14235,0.0058531298914019
Lab result,GLUURN,"Glucose, Urine",359,0.0058531298914019
Lab result,GLUURN,Urine Glucose,328,0.0058531298914019
Diagnosis,MBD013,Deferred diagnosis on axis I,19301,0.0058050893768868
Diagnosis,MBD013,Other persistent mental disorders due to conditions classified elsewhere,2663,0.0058050893768868
Diagnosis,MBD013,Unspecified nonpsychotic mental disorder,1380,0.0058050893768868
Diagnosis,MBD013,Transsexualism,1165,0.0058050893768868
Diagnosis,MBD013,Other mental disorders complicating the puerperium,1008,0.0058050893768868
Lab result,RDW,RDW,974552,0.0057038333936101
Lab result,RDW,RDW (MANUAL ENTRY) See EMR for details,4076,0.0057038333936101
Medication,W2A,SULFAMETHOXAZOLE-TRIMETHOPRIM 800-160 MG PO TABS,57065,0.0056848808379681
Medication,W2A,SULFAMETHOXAZOLE-TRIMETHOPRIM 400-80 MG PO TABS,12312,0.0056848808379681
Medication,W2A,BACTRIM DS 800-160 MG PO TABS,7348,0.0056848808379681
Medication,W2A,SULFAMETHOXAZOLE-TRIMETHOPRIM 200-40 MG/5 ML PO SUSP,4157,0.0056848808379681
Medication,W2A,TRIMETHOPRIM-SULFAMETHOXAZOLE 160-800 MG PO TABS,3626,0.0056848808379681
Medication,C1W,LACTATED RINGERS IV SOLP,198859,0.0056093685467428
Medication,C1W,ELECTROLYTE-R (PH 7.4) IV SOLP,91300,0.0056093685467428
Medication,C1W,ELECTROLYTE-R IV SOLP,88933,0.0056093685467428
Medication,C1W,ARTIFICIAL SALIVA (YERBAS-LYT) MM SPRA,2212,0.0056093685467428
Medication,C1W,ELECTROLYTE-A IV SOLP,1140,0.0056093685467428
Pocedure,1369,"METABOLIC PANEL, COMPREHENSIVE",810054,0.0056072761975078
Lab result,NA,"Sodium, Ser/Plas",914528,0.005558050883673
Lab result,NA,"Sodium, Whole Blood",117026,0.005558050883673
Lab result,NA,Sodium (Manual Entry) See EMR for details,108406,0.005558050883673
Lab result,NA,"Sodium, ISTAT",71442,0.005558050883673
Lab result,NA,"Sodium, whole blood, ePOC",624,0.005558050883673
Diagnosis,CIR031,"Hypotension, unspecified",30472,0.0054754503216851
Diagnosis,CIR031,Orthostatic hypotension,15499,0.0054754503216851
Diagnosis,CIR031,"Hypotension, unspecified hypotension type",6053,0.0054754503216851
Diagnosis,CIR031,Hypotension,5844,0.0054754503216851
Diagnosis,CIR031,Other hypotension,3806,0.0054754503216851
Diagnosis,GEN002,"Acute kidney failure, unspecified",27765,0.0054252485384791
Diagnosis,GEN002,"Acute kidney failure, unspecified (CMS-HCC)",16552,0.0054252485384791
Diagnosis,GEN002,Acute kidney injury (nontraumatic) (CMS-HCC),10653,0.0054252485384791
Diagnosis,GEN002,AKI (acute kidney injury) (CMS-HCC),6117,0.0054252485384791
Diagnosis,GEN002,Acute kidney failure with tubular necrosis,4948,0.0054252485384791
Pocedure,68376,ADMIT TO PHASE,175723,0.0053705728278972
Pocedure,68376,ADMIT TO PHASE (POST PROCEDURE AREA),101150,0.0053705728278972
Lab result,SARSCOV2SRC,SPECIMEN SOURCE,379098,0.0052937828980428
Lab result,XUPROT,"Protein, urine",220884,0.0052250677078127
Diagnosis,FAC006,Encounter for antineoplastic chemotherapy,16361,0.0052037850996322
Diagnosis,FAC006,Encounter for antineoplastic immunotherapy,3547,0.0052037850996322
Diagnosis,FAC006,Encounter for antineoplastic radiation therapy,2506,0.0052037850996322
Diagnosis,FAC006,Radiotherapy,2412,0.0052037850996322
Diagnosis,FAC006,Admission for antineoplastic chemotherapy,401,0.0052037850996322
Lab result,PT,Prothrombin Time,337139,0.0051630004117844
Lab result,PT,"PT, ISTAT",53521,0.0051630004117844
Lab result,PT,Prothrombin Time (Manual Entry) See EMR for details,14406,0.0051630004117844
Lab result,PT,PT seconds,3497,0.0051630004117844
Lab result,PT,PT (Manual),362,0.0051630004117844
Pocedure,349,"CALCIUM IONIZED, SERUM/PLASMA",63372,0.0051465874746126
Pocedure,349,"CALCIUM IONIZED, WHOLE BLOOD",33086,0.0051465874746126
Lab result,MCH,MCH,972430,0.0051090382298626
Pocedure,35073,DROPLET ISOLATION,53575,0.0050382858107576
Pocedure,26702,NURSING COMMUNICATION(FOR ORDERSET ONLY),241691,0.0049267848842542
Pocedure,26702,NURSING COMMUNICATION,46176,0.0049267848842542
Medication,A6U,IOPAMIDOL 76 % IV SOLN (RADIOLOGY) 100 ML,33469,0.0049034569041654
Medication,A6U,IOPAMIDOL 76 % IV SOLN (RADIOLOGY) 500 ML,25229,0.0049034569041654
Medication,A6U,IOPAMIDOL 61 % IV SOLN (RADIOLOGY) 150 ML,16352,0.0049034569041654
Medication,A6U,IOPAMIDOL 61 % IV SOLN (RADIOLOGY) 100 ML,15215,0.0049034569041654
Medication,A6U,IOPAMIDOL 76 % IV SOLN (RADIOLOGY) 150 ML,14381,0.0049034569041654
Lab result,QRSDINTERVAL,QRSD Interval,382687,0.0048852290833663
Lab result,QTCINTERVAL,QTC Interval,382673,0.0048850767839274
Lab result,ECGIMPRESS,ECG Impression,382686,0.004880662327225
Lab result,QRSAXIS,QRS Axis,382694,0.0048659934531807
Lab result,RR,RR,382675,0.0048544826678584
Lab result,HEARTRATE,Heart Rate,382694,0.0048476096712812
Lab result,XUPH,"pH, urine",220884,0.0048355616844129
Lab result,QTINTERVAL,QT Interval,382675,0.0048283475994557
Lab result,TWAVEAXIS,T Wave Axis,382269,0.0048011681861663
Pocedure,659308,CBC WITH DIFFERENTIAL,427099,0.0047914792815639
Medication,J5A,EPINEPHRINE 1 MG/ML (1 ML) INJ SOLN,28000,0.004763217855688
Medication,J5A,NOREPINEPHRINE BITARTRATE-NACL 4 MG/250 ML (16 MCG/ML) IV SOLN,11570,0.004763217855688
Medication,J5A,EPINEPHRINE 0.1 MG/ML INJ SYRG,8234,0.004763217855688
Medication,J5A,EPINEPHRINE 1 MG/ML INJ SOLN,8193,0.004763217855688
Medication,J5A,EPINEPHRINE HCL IN 0.9 % NACL 4 MG/250 ML (16 MCG/ML) IV SOLN,7739,0.004763217855688
Lab result,XUCOL,"Color, urine",220889,0.0047404275160318
Medication,Z2Q,LORATADINE 10 MG PO TABS,37560,0.0047362002688646
Medication,Z2Q,CETIRIZINE 10 MG PO TABS,26560,0.0047362002688646
Medication,Z2Q,ZYRTEC 10 MG PO TABS,20412,0.0047362002688646
Medication,Z2Q,CLARITIN PO,15566,0.0047362002688646
Medication,Z2Q,ZYRTEC PO,15482,0.0047362002688646
Lab result,EOSAB,"EOS, ABS",570480,0.0046586549686151
Lab result,EOSAB,"Eosinophil, Absolute",386713,0.0046586549686151
Lab result,EOSAB,"Eosinophils, ABS (man diff)",39330,0.0046586549686151
Lab result,EOSAB,"Eos, ABS (man diff)",29133,0.0046586549686151
Medication,B6W,ALBUTEROL SULFATE 90 MCG/ACTUATION INH HFAA,123384,0.0046454205144605
Medication,B6W,ALBUTEROL SULFATE 2.5 MG /3 ML (0.083 %) INH NEBU,45075,0.0046454205144605
Medication,B6W,PROAIR HFA 90 MCG/ACTUATION INH HFAA,38733,0.0046454205144605
Medication,B6W,VENTOLIN HFA 90 MCG/ACTUATION INH HFAA,19639,0.0046454205144605
Medication,B6W,ALBUTEROL SULFATE 2.5 MG/0.5 ML INH NEBU,12773,0.0046454205144605
Diagnosis,GEN004,"Urinary tract infection, site not specified",77256,0.0045854929437041
Diagnosis,GEN004,Acute cystitis without hematuria,24015,0.0045854929437041
Diagnosis,GEN004,UTI (lower urinary tract infection),17607,0.0045854929437041
Diagnosis,GEN004,"Urinary tract infection without hematuria, site unspecified",17432,0.0045854929437041
Diagnosis,GEN004,UTI (urinary tract infection),13012,0.0045854929437041
Pocedure,337,C - REACTIVE PROTEIN,154905,0.0045657147559221
Medication,W3B,FLUCONAZOLE 150 MG PO TABS,32752,0.0045433726081449
Medication,W3B,FLUCONAZOLE 200 MG PO TABS,10562,0.0045433726081449
Medication,W3B,CLOTRIMAZOLE 10 MG MM TROC,9376,0.0045433726081449
Medication,W3B,TERBINAFINE HCL 250 MG PO TABS,6857,0.0045433726081449
Medication,W3B,FLUCONAZOLE 100 MG PO TABS,5284,0.0045433726081449
Diagnosis,SYM011,Dysuria,63756,0.0045410835170565
Diagnosis,SYM011,Urinary frequency,40161,0.0045410835170565
Diagnosis,SYM011,Frequency of micturition,34933,0.0045410835170565
Diagnosis,SYM011,Nocturia,25129,0.0045410835170565
Diagnosis,SYM011,"Retention of urine, unspecified",22017,0.0045410835170565
Lab result,XUBACT,"Bacteria, urine",218658,0.0043794966429877
Pocedure,482536,XR CHEST 1 VIEW,124216,0.004375801286744
Pocedure,147420,ECG PROCEDURE SCANNED REPORT,166301,0.0043012614722592
Lab result,PRINTERVAL,P-R Interval,375625,0.0042618242767848
Diagnosis,CIR012,"Chest pain, unspecified",144563,0.0042374788200214
Diagnosis,CIR012,Other chest pain,91900,0.0042374788200214
Diagnosis,CIR012,"Chest pain, unspecified type",48319,0.0042374788200214
Diagnosis,CIR012,Chest pain,38647,0.0042374788200214
Diagnosis,CIR012,Precordial pain,18060,0.0042374788200214
Pocedure,2263,"URINALYSIS SCREEN, CULTURE IF POSITIVE",219072,0.004207587371551
Pocedure,2263,"URINALYSIS, SCREEN FOR CULTURE",60277,0.004207587371551
Pocedure,2263,URINALYSIS W/REFLEX TO CULTURE,160,0.004207587371551
Pocedure,2263,"UA/M W/RFLX CULTURE, ROUTINE",7,0.004207587371551
Lab result,PAXIS,P Axis,375241,0.0042055758235834
Lab result,XUCLAR,"Clarity, urine",220885,0.0042044951797601
Diagnosis,SYM006,Unspecified abdominal pain,79731,0.0041852247566598
Diagnosis,SYM006,"Abdominal pain, unspecified site",56899,0.0041852247566598
Diagnosis,SYM006,"Diarrhea, unspecified",50130,0.0041852247566598
Diagnosis,SYM006,Epigastric pain,45748,0.0041852247566598
Diagnosis,SYM006,Diarrhea,44535,0.0041852247566598
Medication,P3A,LEVOTHYROXINE 50 MCG PO TABS,33238,0.0040884707067696
Medication,P3A,LEVOTHYROXINE 75 MCG PO TABS,26404,0.0040884707067696
Medication,P3A,LEVOTHYROXINE 25 MCG PO TABS,25685,0.0040884707067696
Medication,P3A,LEVOTHYROXINE 100 MCG PO TABS,24784,0.0040884707067696
Medication,P3A,LEVOTHYROXINE 125 MCG PO TABS,14043,0.0040884707067696
Pocedure,832,ECHO - TRANSTHORACIC ECHO +DOPPLER,162284,0.0040621301166154
Pocedure,832,ECHO - TRANSTHORACIC ECHO,9424,0.0040621301166154
Medication,H2E,ZOLPIDEM 5 MG PO TABS,84042,0.0040000902224206
Medication,H2E,ZOLPIDEM 10 MG PO TABS,30429,0.0040000902224206
Medication,H2E,DEXMEDETOMIDINE IN 0.9 % NACL 400 MCG/100 ML (4 MCG/ML) IV SOLN,15070,0.0040000902224206
Medication,H2E,AMBIEN 10 MG PO TABS,11316,0.0040000902224206
Medication,H2E,DEXMEDETOMIDINE 100 MCG/ML IV SOLN,8930,0.0040000902224206
Pocedure,1428,MONITOR INTAKE AND OUTPUT,205407,0.0039939710904846
Medication,W1D,AZITHROMYCIN 250 MG PO TABS,65492,0.0039595125152445
Medication,W1D,ZITHROMAX Z-PAK 250 MG PO TABS,36463,0.0039595125152445
Medication,W1D,AZITHROMYCIN 500 MG PO TABS,22118,0.0039595125152445
Medication,W1D,CLARITHROMYCIN 500 MG PO TABS,12221,0.0039595125152445
Medication,W1D,AZITHROMYCIN 200 MG/5 ML PO SUSR,7554,0.0039595125152445
Lab result,SARSCOV2RNA,SARS-CoV-2 RNA,398820,0.0038509322798849
Lab result,SARSCOV2RNA,"SARS-COV-2,NAA",37606,0.0038509322798849
Lab result,SARSCOV2RNA,SARS CoV 2 RNA,4958,0.0038509322798849
Lab result,SARSCOV2RNA,"SARS CoV 2 RNA, RT PCR",1712,0.0038509322798849
Lab result,SARSCOV2RNA,"SARS-COV-2 (COVID-19), QUALITATIVE, NAA",514,0.0038509322798849
Diagnosis,SYM015,Hallucinations,2103,0.0037240267414491
Diagnosis,SYM015,"Hallucinations, unspecified",1801,0.0037240267414491
Diagnosis,SYM015,Visual hallucinations,1412,0.0037240267414491
Diagnosis,SYM015,Auditory hallucinations,1238,0.0037240267414491
Diagnosis,SYM015,Hallucination,461,0.0037240267414491
Diagnosis,SYM007,Other fatigue,91834,0.0037108420659468
Diagnosis,SYM007,Other malaise,48115,0.0037108420659468
Diagnosis,SYM007,"Fatigue, unspecified type",40799,0.0037108420659468
Diagnosis,SYM007,Weakness,38481,0.0037108420659468
Diagnosis,SYM007,Fatigue,25530,0.0037108420659468
Pocedure,153334,OXYGEN ADMINISTRATION,222581,0.0036947639769246
Pocedure,2291,CARDIAC MONITOR,158041,0.0036646857596822
Diagnosis,SYM014,Anesthesia of skin,28282,0.003638210635287
Diagnosis,SYM014,Paresthesia of skin,27225,0.003638210635287
Diagnosis,SYM014,Disturbance of skin sensation,25084,0.003638210635287
Diagnosis,SYM014,"Localized swelling, mass and lump, neck",11108,0.003638210635287
Diagnosis,SYM014,"Localized swelling, mass and lump, head",10788,0.003638210635287
Pocedure,1435,VITAL SIGNS,366348,0.0036200278981319
Medication,Q5F,KETOCONAZOLE 2 % TP CREA,18676,0.0036150003478614
Medication,Q5F,KETOCONAZOLE 2 % TP SHAM,16161,0.0036150003478614
Medication,Q5F,CLOTRIMAZOLE 1 % TP CREA,12803,0.0036150003478614
Medication,Q5F,"NYSTATIN 100,000 UNIT/GRAM TP POWD",10265,0.0036150003478614
Medication,Q5F,ECONAZOLE 1 % TP CREA,10216,0.0036150003478614
Lab result,XUKET,"Ketone, urine",220893,0.0035882610427231
Diagnosis,RSP002,"Pneumonia, organism unspecified(486)",26170,0.0035337043616896
Diagnosis,RSP002,"Pneumonia, unspecified organism",24545,0.0035337043616896
Diagnosis,RSP002,Pneumonia due to organism,9503,0.0035337043616896
Diagnosis,RSP002,Pneumonia,8150,0.0035337043616896
Diagnosis,RSP002,"Lobar pneumonia, unspecified organism",5214,0.0035337043616896
Lab result,INR,INR,337518,0.0034055548768805
Lab result,INR,"INR, ISTAT",53851,0.0034055548768805
Lab result,INR,INR (Manual Entry) See EMR for details,17721,0.0034055548768805
Lab result,INR,"INR, Fingerstick {Menlo}",4024,0.0034055548768805
Lab result,INR,External INR,2084,0.0034055548768805
Medication,A9A,AMLODIPINE 5 MG PO TABS,85557,0.0033990826551935
Medication,A9A,AMLODIPINE 10 MG PO TABS,48605,0.0033990826551935
Medication,A9A,AMLODIPINE 2.5 MG PO TABS,25028,0.0033990826551935
Medication,A9A,DILTIAZEM HCL 120 MG PO CP24,9813,0.0033990826551935
Medication,A9A,CLEVIDIPINE 50 MG/100 ML IV EMUL,9100,0.0033990826551935
Medication,W1Q,CIPROFLOXACIN HCL 500 MG PO TABS,48509,0.0033974689371163
Medication,W1Q,CIPROFLOXACIN 500 MG PO TABS,30962,0.0033974689371163
Medication,W1Q,LEVOFLOXACIN 500 MG PO TABS,28370,0.0033974689371163
Medication,W1Q,LEVOFLOXACIN 750 MG PO TABS,23663,0.0033974689371163
Medication,W1Q,CIPROFLOXACIN IN D5W 400 MG/200 ML IV PGBK,12871,0.0033974689371163
Medication,H4B,GABAPENTIN 300 MG PO CAPS,114317,0.00337568637
Medication,H4B,GABAPENTIN 100 MG PO CAPS,59419,0.00337568637
Medication,H4B,GABAPENTIN 600 MG PO TABS,23439,0.00337568637
Medication,H4B,LEVETIRACETAM 500 MG PO TABS,13198,0.00337568637
Medication,H4B,TOPIRAMATE 25 MG PO TABS,9580,0.00337568637
Diagnosis,INJ031,"Dermatitis, unspecified",48986,0.0033110554934179
Diagnosis,INJ031,Allergic rhinitis,48771,0.0033110554934179
Diagnosis,INJ031,Dermatitis,42692,0.0033110554934179
Diagnosis,INJ031,"Allergic rhinitis, cause unspecified",35002,0.0033110554934179
Diagnosis,INJ031,"Allergic rhinitis, unspecified",33707,0.0033110554934179
Lab result,UCMT,Urine Comment,215378,0.003288524770828
Lab result,UCMT,Urine comment,176522,0.003288524770828
Diagnosis,INF002,"Sepsis, unspecified organism",17001,0.0032290514453299
Diagnosis,INF002,Unspecified septicemia(038.9) (CMS-HCC),9289,0.0032290514453299
Diagnosis,INF002,Sepsis (CMS-HCC),5718,0.0032290514453299
Diagnosis,INF002,Severe sepsis with septic shock,5704,0.0032290514453299
Diagnosis,INF002,Severe sepsis without septic shock,5151,0.0032290514453299
Diagnosis,FAC008,Encounter for screening mammogram for malignant neoplasm of breast,107343,0.0031567429249175
Diagnosis,FAC008,Encounter for screening for malignant neoplasm of colon,103907,0.0031567429249175
Diagnosis,FAC008,Encounter for screening for malignant neoplasm of cervix,78843,0.0031567429249175
Diagnosis,FAC008,Screen for colon cancer,54135,0.0031567429249175
Diagnosis,FAC008,Colon cancer screening,52102,0.0031567429249175
Medication,D4D,PROBIOTIC PO,12621,0.0031005271613626
Medication,D4D,LACTOBACILLUS RHAMNOSUS GG 15 BILLION CELL PO CPSP,9483,0.0031005271613626
Medication,D4D,ACIDOPHILUS-L.B-BB-S.THERMOPHL 1 BILLION-250 CELL-MG PO TABS,7109,0.0031005271613626
Medication,D4D,LACTOBACILLUS COMB NO.10 20 BILLION CELL PO CAPS,4763,0.0031005271613626
Medication,D4D,PROBIOTIC COMPLEX PO,4420,0.0031005271613626
Pocedure,1634,"PHOSPHORUS, SERUM/PLASMA",176752,0.0030773993031603
Lab result,XNITRITE,"Nitrite, urine",220900,0.003065670976631
Medication,M4G,GLUCOSE 4 GRAM PO CHEW,60342,0.0030650689283056
Medication,M4G,DEXTROSE 40 % PO GEL,15730,0.0030650689283056
Medication,M4G,GLUCAGON (HUMAN RECOMBINANT) 1 MG INJ SOLR,8668,0.0030650689283056
Medication,M4G,GLUCOSE 5 GRAM PO CHEW,6098,0.0030650689283056
Medication,M4G,GLUCAGON 1 MG INJ SOLR,1865,0.0030650689283056
Medication,J9A,METOCLOPRAMIDE HCL 5 MG/ML INJ SOLN,147388,0.0030246476246447
Medication,J9A,METOCLOPRAMIDE 5 MG/ML INJ SOLN,56656,0.0030246476246447
Medication,J9A,METOCLOPRAMIDE HCL 10 MG PO TABS,26618,0.0030246476246447
Medication,J9A,METOCLOPRAMIDE HCL 5 MG/ML INJ SYRG,8177,0.0030246476246447
Medication,J9A,METOCLOPRAMIDE HCL 5 MG PO TABS,6275,0.0030246476246447
Lab result,PCCOM,POCT Comment,313589,0.0030044314315218
Medication,Q3S,BISACODYL 10 MG PR SUPP,140561,0.0029805562671951
Medication,Q3S,SODIUM PHOSPHATES 19-7 GRAM/118 ML PR ENEM,33961,0.0029805562671951
Medication,Q3S,MINERAL OIL PR ENEM,22695,0.0029805562671951
Medication,Q3S,SODIUM PHOSPHATES 19-7 GRAM/197 ML PR ENEM,2129,0.0029805562671951
Medication,Q3S,GLYCERIN (ADULT) PR SUPP,1801,0.0029805562671951
Pocedure,464825,COMPREHENSIVE METABOLIC PANEL W GFR,226620,0.0028557811048295
Pocedure,464825,LIPID PROFILE,163145,0.0028557811048295
Pocedure,464825,TSH,159416,0.0028557811048295
Pocedure,464825,CBC with Differential,119137,0.0028557811048295
Pocedure,464825,BASIC METABOLIC PANEL W GFR,118526,0.0028557811048295
Medication,Q7P,FLUTICASONE 50 MCG/ACTUATION NASAL SPSN,81341,0.0028502659546016
Medication,Q7P,FLUTICASONE PROPIONATE 50 MCG/ACTUATION NASAL SPSN,35113,0.0028502659546016
Medication,Q7P,FLONASE 50 MCG/ACTUATION NASAL SPSN,15207,0.0028502659546016
Medication,Q7P,MOMETASONE 50 MCG/ACTUATION NASAL SPRY,12571,0.0028502659546016
Medication,Q7P,FLONASE NASAL,12214,0.0028502659546016
Medication,H21,LORAZEPAM 2 MG/ML INJ SOLN,66330,0.0028335517472735
Medication,H21,TEMAZEPAM 15 MG PO CAPS,12074,0.0028335517472735
Medication,H21,TEMAZEPAM 7.5 MG PO CAPS,6635,0.0028335517472735
Medication,H21,TEMAZEPAM 30 MG PO CAPS,2719,0.0028335517472735
Medication,H21,MIDAZOLAM 2 MG/ML PO SYRP,2180,0.0028335517472735
Pocedure,958,FULL CODE,223542,0.0028201033405537
Diagnosis,MUS013,Age-related osteoporosis without current pathological fracture,34876,0.0028011404350001
Diagnosis,MUS013,Osteoporosis,25209,0.0028011404350001
Diagnosis,MUS013,"Osteoporosis, unspecified osteoporosis type, unspecified pathological fracture presence",17289,0.0028011404350001
Diagnosis,MUS013,"Osteoporosis, unspecified",16064,0.0028011404350001
Diagnosis,MUS013,Other osteoporosis without current pathological fracture,4721,0.0028011404350001
Pocedure,475,CBC WITH DIFFERENTIAL,732522,0.0027994400605844
Pocedure,475,CBC WITH DIFF,381186,0.0027994400605844
Diagnosis,MUS025,Other specified soft tissue disorders,37468,0.0027494230298286
Diagnosis,MUS025,Swelling of limb,20610,0.0027494230298286
Diagnosis,MUS025,Plantar fascial fibromatosis,14518,0.0027494230298286
Diagnosis,MUS025,Fibromyalgia,9533,0.0027494230298286
Diagnosis,MUS025,"Neuralgia and neuritis, unspecified",8392,0.0027494230298286
Lab result,MCV,MCV,975106,0.0027403477833283
Lab result,MCV,MCV (MANUAL ENTRY) See EMR for details,6487,0.0027403477833283
Diagnosis,BLD007,"Elevated white blood cell count, unspecified",19019,0.0027290765294074
Diagnosis,BLD007,"Leukocytosis, unspecified",10995,0.0027290765294074
Diagnosis,BLD007,"Decreased white blood cell count, unspecified",7004,0.0027290765294074
Diagnosis,BLD007,"Neutropenia, unspecified",6985,0.0027290765294074
Diagnosis,BLD007,"Leukocytosis, unspecified type",6580,0.0027290765294074
Diagnosis,CIR015,Cardiomegaly,69699,0.0027219122732016
Diagnosis,CIR015,"Heart disease, unspecified",10156,0.0027219122732016
Diagnosis,CIR015,LVH (left ventricular hypertrophy),3325,0.0027219122732016
Diagnosis,CIR015,Diastolic dysfunction,2002,0.0027219122732016
Diagnosis,CIR015,Other ill-defined heart diseases,1857,0.0027219122732016
Pocedure,787,ECG 12-LEAD,436235,0.0027056152817199
Lab result,XLEUKEST,"Leukocyte Esterase, urine",220888,0.0026876504582755
Pocedure,704,DIET NUTRITIONAL SUPPLEMENTS,47646,0.0026345625145838
Diagnosis,FAC022,Acquired absence of other specified parts of digestive tract,21778,0.0025208485319099
Diagnosis,FAC022,Acquired absence of both cervix and uterus,18999,0.0025208485319099
Diagnosis,FAC022,Other acquired absence of organ,7542,0.0025208485319099
Diagnosis,FAC022,Acquired absence of other genital organ(s),5279,0.0025208485319099
Diagnosis,FAC022,Acquired absence of breast and nipple,5224,0.0025208485319099
Pocedure,1590,AMBULATE WITH ASSISTANCE,115301,0.0024924359726661
Pocedure,1368,"METABOLIC PANEL, BASIC",506927,0.0024154452172167
Diagnosis,MUS038,Low back pain,82586,0.0024093616523135
Diagnosis,MUS038,"Low back pain, unspecified back pain laterality, unspecified chronicity, with sciatica presence unspecified",6738,0.0024093616523135
Diagnosis,MUS038,Muscle spasm of back,4029,0.0024093616523135
Diagnosis,MUS038,"Low back pain without sciatica, unspecified back pain laterality",2296,0.0024093616523135
Diagnosis,MUS038,"Low back pain, unspecified back pain laterality, with sciatica presence unspecified",1610,0.0024093616523135
Diagnosis,FAC025,Other long term (current) drug therapy,172660,0.002381656709208
Diagnosis,FAC025,Long term (current) use of aspirin,57994,0.002381656709208
Diagnosis,FAC025,Encounter for long-term (current) use of other medications,48742,0.002381656709208
Diagnosis,FAC025,Long term (current) use of anticoagulants,44698,0.002381656709208
Diagnosis,FAC025,Other specified health status,35705,0.002381656709208
Medication,W1W,CEFAZOLIN 1 GRAM INJ SOLR,136498,0.0023717688377788
Medication,W1W,CEPHALEXIN 500 MG PO CAPS,91544,0.0023717688377788
Medication,W1W,CEFAZOLIN IN DEXTROSE (ISO-OS) 1 GRAM/50 ML IV PGBK,79918,0.0023717688377788
Medication,W1W,CEFAZOLIN IN DEXTROSE (ISO-OS) 2 GRAM/100 ML IV PGBK,56755,0.0023717688377788
Medication,W1W,CEFAZOLIN IV PUSH (1 GRAM VIAL ONLY),22796,0.0023717688377788
Pocedure,1916,SURGICAL PROCEDURE,347767,0.0022815265128972
Medication,H2S,ESCITALOPRAM OXALATE 10 MG PO TABS,25867,0.0022526578266346
Medication,H2S,SERTRALINE 50 MG PO TABS,25390,0.0022526578266346
Medication,H2S,SERTRALINE 100 MG PO TABS,16025,0.0022526578266346
Medication,H2S,CITALOPRAM 20 MG PO TABS,14520,0.0022526578266346
Medication,H2S,FLUOXETINE 20 MG PO CAPS,14084,0.0022526578266346
Diagnosis,SYM016,Edema,32379,0.0022506413947227
Diagnosis,SYM016,Localized edema,31644,0.0022506413947227
Diagnosis,SYM016,Abnormal weight loss,29316,0.0022506413947227
Diagnosis,SYM016,Localized enlarged lymph nodes,28264,0.0022506413947227
Diagnosis,SYM016,Other general symptoms and signs,22683,0.0022506413947227
Pocedure,474,CBC W/O DIFF,324995,0.0021928242361777
Pocedure,474,CBC,262301,0.0021928242361777
Pocedure,474,"CBC (H/H, RBC, INDICES, WBC, PLT)",36,0.0021928242361777
Lab result,PT,Prothrombin Time,337139,0.0021919813331809
Lab result,PT,"PT, ISTAT",53521,0.0021919813331809
Lab result,PT,Prothrombin Time (Manual Entry) See EMR for details,14406,0.0021919813331809
Lab result,PT,PT seconds,3497,0.0021919813331809
Lab result,PT,PT (Manual),362,0.0021919813331809
Medication,S7A,ROCURONIUM 10 MG/ML IV SOLN,127048,0.0021699841072038
Medication,S7A,SUCCINYLCHOLINE CHLORIDE 20 MG/ML INJ SOLN,45026,0.0021699841072038
Medication,S7A,ONABOTULINUMTOXINA 100 UNIT INJ SOLR,6013,0.0021699841072038
Medication,S7A,VECURONIUM BROMIDE 10 MG IV SOLR,5707,0.0021699841072038
Medication,S7A,CISATRACURIUM 2 MG/ML IV SOLN,2577,0.0021699841072038
Pocedure,685,DIET CLEAR LIQUID,83711,0.0021644163660141
Pocedure,412485,NURSING COMMUNICATION,214880,0.0021344349697738
Lab result,MCHC,MCHC,974473,0.0021271979537067
Medication,H6J,ONDANSETRON HCL (PF) 4 MG/2 ML INJ SOLN,437292,0.0021173688857965
Medication,H6J,ONDANSETRON 4 MG PO TBDL,197517,0.0021173688857965
Medication,H6J,PROCHLORPERAZINE EDISYLATE 10 MG/2 ML (5 MG/ML) INJ SOLN,87264,0.0021173688857965
Medication,H6J,ONDANSETRON HCL 4 MG PO TABS,51282,0.0021173688857965
Medication,H6J,ONDANSETRON HCL 8 MG PO TABS,45132,0.0021173688857965
Medication,Q5P,TRIAMCINOLONE ACETONIDE 0.1 % TP OINT,39692,0.0021173257195528
Medication,Q5P,TRIAMCINOLONE ACETONIDE 0.1 % TP CREA,35874,0.0021173257195528
Medication,Q5P,CLOBETASOL 0.05 % TP OINT,20720,0.0021173257195528
Medication,Q5P,HYDROCORTISONE 2.5 % TP CREA,18978,0.0021173257195528
Medication,Q5P,FLUOCINONIDE 0.05 % TP OINT,13942,0.0021173257195528
Medication,H6H,CYCLOBENZAPRINE 10 MG PO TABS,43656,0.0020991061471606
Medication,H6H,CYCLOBENZAPRINE 5 MG PO TABS,29974,0.0020991061471606
Medication,H6H,BACLOFEN 10 MG PO TABS,23872,0.0020991061471606
Medication,H6H,CARISOPRODOL 350 MG PO TABS,6413,0.0020991061471606
Medication,H6H,TIZANIDINE 4 MG PO TABS,4210,0.0020991061471606
Medication,D6D,LOPERAMIDE 2 MG PO CAPS,20419,0.0020582275650831
Medication,D6D,DIPHENOXYLATE-ATROPINE 2.5-0.025 MG PO TABS,18317,0.0020582275650831
Medication,D6D,LOPERAMIDE 2 MG PO TABS,3963,0.0020582275650831
Medication,D6D,IMODIUM PO,1908,0.0020582275650831
Medication,D6D,LOMOTIL 2.5-0.025 MG PO TABS,1456,0.0020582275650831
Medication,H22,MIDAZOLAM 1 MG/ML INJ SOLN,245919,0.0020212255712033
Medication,H22,MIDAZOLAM (PF) 1 MG/ML INJ SOLN,20604,0.0020212255712033
Medication,H22,MIDAZOLAM 5 MG/ML INJ SOLN,4813,0.0020212255712033
Medication,H22,MIDAZOLAM (PF) 2 MG/2 ML (1 MG/ML) INJ SYRG,1999,0.0020212255712033
Medication,H22,MIDAZOLAM IN 0.9 % SOD CHLORID 1 MG/ML IV SOLN,402,0.0020212255712033
Lab result,HCT,Hematocrit,988518,0.002007531491752
Lab result,HCT,Hct (Est),99973,0.002007531491752
Lab result,HCT,Hematocrit (Manual Entry) See EMR for details,96497,0.002007531491752
Lab result,HCT,"Hct, ISTAT",44756,0.002007531491752
Lab result,HCT,"Hct(Calc), ISTAT",30262,0.002007531491752
Pocedure,37118,SEQUENTIAL COMPRESSION DEVICE (SCD),255080,0.0019316823680319
Pocedure,17918,PERIPHERAL IV INSERTION CARE,365683,0.0019180612798019
Pocedure,17918,PERIPHERAL IV INSERTION/CARE,39224,0.0019180612798019
Diagnosis,CIR007,"Unspecified maternal hypertension, third trimester",428,0.0019062468405357
Diagnosis,CIR007,"Unspecified pre-existing hypertension complicating pregnancy, unspecified trimester",364,0.0019062468405357
Diagnosis,CIR007,"Unspecified maternal hypertension, complicating the puerperium",225,0.0019062468405357
Diagnosis,CIR007,Pre-existing hypertension complicating pregnancy,198,0.0019062468405357
Diagnosis,CIR007,"Unspecified pre-existing hypertension complicating pregnancy, third trimester",192,0.0019062468405357
Medication,M9V,APIXABAN 5 MG PO TABS,17722,0.0018990439426986
Medication,M9V,ELIQUIS 5 MG PO TABS,15041,0.0018990439426986
Medication,M9V,XARELTO 20 MG PO TABS,12700,0.0018990439426986
Medication,M9V,RIVAROXABAN 20 MG PO TABS,9162,0.0018990439426986
Medication,M9V,APIXABAN 2.5 MG PO TABS,7443,0.0018990439426986
Medication,A7B,NITROGLYCERIN 0.4 MG SL SUBL,48815,0.0018674294366241
Medication,A7B,ISOSORBIDE MONONITRATE 30 MG PO TB24,10028,0.0018674294366241
Medication,A7B,NITROGLYCERIN IN 5 % DEXTROSE 50 MG/250 ML (200 MCG/ML) IV SOLN,7927,0.0018674294366241
Medication,A7B,NITROGLYCERIN 2 % TD OINT,6353,0.0018674294366241
Medication,A7B,ISOSORBIDE MONONITRATE 60 MG PO TB24,4565,0.0018674294366241
Medication,H20,LORAZEPAM 0.5 MG PO TABS,72364,0.0018642284368106
Medication,H20,LORAZEPAM 1 MG PO TABS,72093,0.0018642284368106
Medication,H20,DIAZEPAM 5 MG PO TABS,50209,0.0018642284368106
Medication,H20,ALPRAZOLAM 0.25 MG PO TABS,18542,0.0018642284368106
Medication,H20,ALPRAZOLAM 0.5 MG PO TABS,17960,0.0018642284368106
Pocedure,1709,PROTHROMBIN TIME,354466,0.0018195971959564
Pocedure,1423,OOB/UP IN CHAIR WITH ASSIST,59675,0.0017924872225603
Diagnosis,MBD002,"Major depressive disorder, single episode, unspecified",76391,0.0017917060364971
Diagnosis,MBD002,"Depressive disorder, not elsewhere classified",43564,0.0017917060364971
Diagnosis,MBD002,Depressive disorder,12378,0.0017917060364971
Diagnosis,MBD002,Dysthymic disorder,10713,0.0017917060364971
Diagnosis,MBD002,"Major depressive disorder, recurrent, moderate",8078,0.0017917060364971
Lab result,PHOS,"Phosphorus, Ser/Plas",178767,0.0017848207312707
Lab result,PHOS,PHOSPHORUS BLD (MANUAL ENTRY) See EMR for details,5734,0.0017848207312707
Lab result,PHOS,Phosphorus,95,0.0017848207312707
Lab result,PHOS,"Phosphorus, Serum",53,0.0017848207312707
Pocedure,1453,NURSING PULSE OXIMETRY,344721,0.0017735308410167
Diagnosis,NVS019,Other chronic pain,130484,0.0017560480095299
Diagnosis,NVS019,Other acute postprocedural pain,32050,0.0017560480095299
Diagnosis,NVS019,Other acute postoperative pain,20496,0.0017560480095299
Diagnosis,NVS019,Chronic pain syndrome,11165,0.0017560480095299
Diagnosis,NVS019,Chronic pain,10927,0.0017560480095299
Lab result,XUWBC,"WBC, urine",218658,0.0017052147398168
Lab result,XPTT,Part. Thromboplastin Time,120024,0.0016827237250878
Diagnosis,INF008,"Viral infection, unspecified",23913,0.0016736768959908
Diagnosis,INF008,Other viral agents as the cause of diseases classified elsewhere,21635,0.0016736768959908
Diagnosis,INF008,"Unspecified viral infection, in conditions classified elsewhere and of unspecified site",16255,0.0016736768959908
Diagnosis,INF008,Viral syndrome,14784,0.0016736768959908
Diagnosis,INF008,"Viral wart, unspecified",9905,0.0016736768959908
Diagnosis,DIG025,"Constipation, unspecified",53129,0.001653810908698
Diagnosis,DIG025,"Constipation, unspecified constipation type",35681,0.001653810908698
Diagnosis,DIG025,Unspecified constipation,28743,0.001653810908698
Diagnosis,DIG025,Constipation,28074,0.001653810908698
Diagnosis,DIG025,Other specified diseases of intestine,17246,0.001653810908698
Medication,H3E,ACETAMINOPHEN 325 MG PO TABS,294951,0.0016492259418769
Medication,H3E,ACETAMINOPHEN 500 MG PO TABS,186394,0.0016492259418769
Medication,H3E,"ACETAMINOPHEN 1,000 MG/100 ML (10 MG/ML) IV SOLN",121238,0.0016492259418769
Medication,H3E,TYLENOL PO,31882,0.0016492259418769
Medication,H3E,ACETAMINOPHEN 650 MG/20.3 ML PO SOLN,31618,0.0016492259418769
Diagnosis,END011,Dehydration,32749,0.0016121183304365
Diagnosis,END011,Hypokalemia,28039,0.0016121183304365
Diagnosis,END011,Hypo-osmolality and hyponatremia,23287,0.0016121183304365
Diagnosis,END011,Acidosis,20466,0.0016121183304365
Diagnosis,END011,Hyponatremia,15860,0.0016121183304365
Diagnosis,MUS011,Cervicalgia,82048,0.0015464314156568
Diagnosis,MUS011,Neck pain,37129,0.0015464314156568
Diagnosis,MUS011,Lumbosacral spondylosis without myelopathy,25507,0.0015464314156568
Diagnosis,MUS011,Degeneration of lumbar or lumbosacral intervertebral disc,19778,0.0015464314156568
Diagnosis,MUS011,"Radiculopathy, lumbar region",19649,0.0015464314156568
Pocedure,25762,BLOOD CULTURE (2 AEROBIC BOTTLES),101072,0.001534512804217
Lab result,BUN,"Urea Nitrogen,Ser/Plas",513379,0.0015293939741896
Lab result,BUN,"BUN, Ser/Plas",431163,0.0015293939741896
Lab result,BUN,BUN,144348,0.0015293939741896
Lab result,BUN,BUN (Manual Entry) See EMR for details,87845,0.0015293939741896
Lab result,BUN,"BUN, ISTAT",9453,0.0015293939741896
Diagnosis,CIR011,Atherosclerotic heart disease of native coronary artery without angina pectoris,60500,0.0015159967248377
Diagnosis,CIR011,Old myocardial infarction,33421,0.0015159967248377
Diagnosis,CIR011,Coronary atherosclerosis of native coronary artery,31208,0.0015159967248377
Diagnosis,CIR011,"Coronary atherosclerosis of unspecified type of vessel, native or graft",22597,0.0015159967248377
Diagnosis,CIR011,CAD (coronary artery disease),21617,0.0015159967248377
Medication,H3H,FENTANYL (PF) 50 MCG/ML INJECTION,226038,0.0014553911007721
Medication,H3H,FENTANYL CITRATE (PF) 50 MCG/ML INJ SOLN (WRAPPER RECORD),123921,0.0014553911007721
Medication,H3H,FENTANYL CITRATE (PF) 50 MCG/ML INJ SOLN,69918,0.0014553911007721
Medication,H3H,REMIFENTANIL 2 MG IV SOLR,39830,0.0014553911007721
Medication,H3H,ALFENTANIL 500 MCG/ML INJ SOLN,15149,0.0014553911007721
Medication,M9F,ALTEPLASE 2 MG INTRA-CATHET SOLR,34422,0.0014396261579909
Medication,M9F,ALTEPLASE 2 MG INJ SOLR,11557,0.0014396261579909
Medication,M9F,ALTEPLASE 100 MG IV SOLR,599,0.0014396261579909
Medication,M9F,ALTEPLASE IV BOLUS FOR STROKE,446,0.0014396261579909
Medication,M9F,ALTEPLASE IV INFUSION FOR STROKE,446,0.0014396261579909
Diagnosis,BLD008,"Disorder involving the immune mechanism, unspecified",7011,0.0014330848313701
Diagnosis,BLD008,"Immunodeficiency, unspecified",5999,0.0014330848313701
Diagnosis,BLD008,Immunosuppression (CMS-HCC),5680,0.0014330848313701
Diagnosis,BLD008,"Other specified disorders involving the immune mechanism, not elsewhere classified",3600,0.0014330848313701
Diagnosis,BLD008,Immunosuppressed status (CMS-HCC),2858,0.0014330848313701
Diagnosis,BLD003,"Anemia, unspecified",90725,0.0014317349422989
Diagnosis,BLD003,Anemia,38591,0.0014317349422989
Diagnosis,BLD003,"Anemia, unspecified type",25647,0.0014317349422989
Diagnosis,BLD003,Anemia in other chronic diseases classified elsewhere,10183,0.0014317349422989
Diagnosis,BLD003,Anemia in chronic kidney disease,9359,0.0014317349422989
Pocedure,3041212,NURSING COMM SERUM GLUCOSE,34170,0.0014080254686781
Lab result,K,"Potassium, Ser/Plas",918122,0.0014003066367158
Lab result,K,"Potassium, Whole Bld",117286,0.0014003066367158
Lab result,K,Potassium (Manual Entry) See EMR for details,113142,0.0014003066367158
Lab result,K,"Potassium, ISTAT",71483,0.0014003066367158
Lab result,K,"Potassium, serum/plasma",2284,0.0014003066367158
Lab result,AST,"AST (SGOT), Ser/Plas",813935,0.0013550773530752
Lab result,AST,AST (Manual Entry) See EMR for details,111398,0.0013550773530752
Lab result,AST,AST,7194,0.0013550773530752
Diagnosis,END001,"Hypothyroidism, unspecified",73510,0.0013372572606198
Diagnosis,END001,Hypothyroidism,48956,0.0013372572606198
Diagnosis,END001,Unspecified hypothyroidism,45904,0.0013372572606198
Diagnosis,END001,"Hypothyroidism, unspecified type",42272,0.0013372572606198
Diagnosis,END001,Nontoxic single thyroid nodule,18791,0.0013372572606198
Medication,D6S,POLYETHYLENE GLYCOL 3350 17 GRAM PO PWPK,156512,0.0013310982149437
Medication,D6S,DOCUSATE SODIUM 100 MG PO CAPS,150635,0.0013310982149437
Medication,D6S,SENNOSIDES 8.6 MG PO TABS,145474,0.0013310982149437
Medication,D6S,DOCUSATE SODIUM 250 MG PO CAPS,108750,0.0013310982149437
Medication,D6S,MAGNESIUM HYDROXIDE 400 MG/5 ML PO SUSP,91861,0.0013310982149437
Medication,C6C,VITAMIN C PO,35899,0.0013260971190978
Medication,C6C,ASCORBIC ACID (VITAMIN C) 500 MG PO TABS,16319,0.0013260971190978
Medication,C6C,ASCORBIC ACID 500 MG PO TABS,11741,0.0013260971190978
Medication,C6C,"ASCORBIC ACID (VITAMIN C) 1,000 MG PO TABS",4980,0.0013260971190978
Medication,C6C,ASCORBIC ACID 250 MG PO TABS,4047,0.0013260971190978
Medication,Z2D,FAMOTIDINE 20 MG PO TABS,78739,0.0013147897596728
Medication,Z2D,FAMOTIDINE (PF) 20 MG/2 ML IV SOLN,56474,0.0013147897596728
Medication,Z2D,RANITIDINE HCL 150 MG PO TABS,16944,0.0013147897596728
Medication,Z2D,FAMOTIDINE 40 MG PO TABS,11078,0.0013147897596728
Medication,Z2D,RANITIDINE HCL 150 MG PO CAPS,7079,0.0013147897596728
Medication,H3T,NALOXONE 0.4 MG/ML INJ SOLN,292371,0.0013017991875678
Medication,H3T,NARCAN 4 MG/ACTUATION NASAL SPRY,14819,0.0013017991875678
Medication,H3T,NALTREXONE 50 MG PO TABS,3655,0.0013017991875678
Medication,H3T,NALOXONE 4 MG/ACTUATION NASAL SPRY,2008,0.0013017991875678
Medication,H3T,NALOXONE 1 MG/ML INJ SYRG,1452,0.0013017991875678
Lab result,BE,"Base Excess, ISTAT",100791,0.0012806913821818
Lab result,BE,Base Excess (vt),82068,0.0012806913821818
Lab result,BE,Base Excess Arterial for POC,239,0.0012806913821818
Lab result,BE,Base Excess,7,0.0012806913821818
Pocedure,34506,EVAL/MGMT OF EST PATIENT LEVEL 5,209691,0.0012472534201781
Pocedure,34506,"OFFICE/OUTPATIENT VISIT, EST",418,0.0012472534201781
Pocedure,34506,EVAL/MGMT OF EST PATIENT LEVEL FIVE,102,0.0012472534201781
Pocedure,34506,REFERRAL TO CANCER GENETICS AND GENOMICS,1,0.0012472534201781
Pocedure,34506,OFFICE OUTPT EST 40 MIN,13,0.0012472534201781
Medication,J7A,LABETALOL 5 MG/ML IV SOLN,111531,0.001206229935651
Medication,J7A,CARVEDILOL 6.25 MG PO TABS,20952,0.001206229935651
Medication,J7A,CARVEDILOL 3.125 MG PO TABS,19546,0.001206229935651
Medication,J7A,CARVEDILOL 12.5 MG PO TABS,16418,0.001206229935651
Medication,J7A,CARVEDILOL 25 MG PO TABS,11980,0.001206229935651
Diagnosis,DIG004,Gastro-esophageal reflux disease without esophagitis,107514,0.0011665870613055
Diagnosis,DIG004,Esophageal reflux,59420,0.0011665870613055
Diagnosis,DIG004,GERD (gastroesophageal reflux disease),49864,0.0011665870613055
Diagnosis,DIG004,"Gastroesophageal reflux disease, esophagitis presence not specified",40948,0.0011665870613055
Diagnosis,DIG004,Gastroesophageal reflux disease without esophagitis,23961,0.0011665870613055
Medication,C3B,FERROUS SULFATE 325 MG (65 MG IRON) PO TABS,50472,0.0011405654228591
Medication,C3B,IRON PO,18055,0.0011405654228591
Medication,C3B,IRON (FERROUS SULFATE) PO,7535,0.0011405654228591
Medication,C3B,FERROUS SULFATE 324 MG (65 MG IRON) PO TBEC,6267,0.0011405654228591
Medication,C3B,FERROUS SULFATE PO,3927,0.0011405654228591
Medication,S7D,SUGAMMADEX 100 MG/ML IV SOLN,57192,0.0010751112018581
Diagnosis,SYM012,Palpitations,78284,0.0010712958866778
Diagnosis,SYM012,"Tachycardia, unspecified",72967,0.0010712958866778
Diagnosis,SYM012,"Bradycardia, unspecified",31184,0.0010712958866778
Diagnosis,SYM012,"Elevated blood-pressure reading, without diagnosis of hypertension",31040,0.0010712958866778
Diagnosis,SYM012,Elevated blood pressure reading without diagnosis of hypertension,24649,0.0010712958866778
Lab result,GLU,"Glucose, Ser/Plas",894413,0.0010022393757149
Lab result,GLU,Glucose by Meter,219614,0.0010022393757149
Lab result,GLU,"Glucose, Whole Blood",116977,0.0010022393757149
Lab result,GLU,"Glucose, SER/PLAS (Manual Entry) See EMR for details",111348,0.0010022393757149
Lab result,GLU,"Glucose,ISTAT",58290,0.0010022393757149
Pocedure,1429,INCENTIVE SPIROMETER (WHILE AWAKE),116631,0.000978432501723
Lab result,MCHC,MCHC,974473,0.0009727042516474
Diagnosis,MUS028,Osteopenia,25306,0.0009656302461618
Diagnosis,MUS028,"Other specified disorders of bone density and structure, unspecified site",24536,0.0009656302461618
Diagnosis,MUS028,"Osteopenia, unspecified location",15232,0.0009656302461618
Diagnosis,MUS028,"Disorder of bone, unspecified",14122,0.0009656302461618
Diagnosis,MUS028,"Other specified disorders of bone density and structure, other site",8258,0.0009656302461618
Diagnosis,SYM017,Abnormal electrocardiogram (ECG) (EKG),159423,0.0009432384671324
Diagnosis,SYM017,Other nonspecific abnormal finding of lung field,105956,0.0009432384671324
Diagnosis,SYM017,Nonspecific abnormal electrocardiogram (ECG) (EKG),70046,0.0009432384671324
Diagnosis,SYM017,Other specified abnormal findings of blood chemistry,45479,0.0009432384671324
Diagnosis,SYM017,Prediabetes,43554,0.0009432384671324
Medication,Q6T,ARTIFICIAL TEARS(HYPROMELLOSE) 0.5 % OPHT DROP,6322,0.0009319011984008
Medication,Q6T,ARTIFICIAL TEARS OPHT,4198,0.0009319011984008
Medication,Q6T,ARTIFICIAL TEAR (HYPROMELLOSE) 0.5 % OPHT DROP,3752,0.0009319011984008
Medication,Q6T,CARBOXYMETHYLCELLULOSE SODIUM 0.5 % OPHT DROP,3522,0.0009319011984008
Medication,Q6T,CARBOXYMETHYLCELLULOSE SODIUM 0.5 % OPHT DPET,3352,0.0009319011984008
Lab result,RBC,RBC,975574,0.0009224927711388
Lab result,RBC,RBC (MANUAL ENTRY) See EMR for details,10078,0.0009224927711388
Lab result,RBC,Total Cell Count{Menlo},385,0.0009224927711388
Lab result,RBC,Red cells,27,0.0009224927711388
Lab result,RBC,ADULT RBC,10,0.0009224927711388
Pocedure,2220,TSH,430471,0.0008560307737968
Medication,C5K,D5 %-0.45 % SODIUM CHLORIDE IV SOLP,30947,0.0007657272794416
Medication,C5K,D5 % AND 0.9 % SODIUM CHLORIDE IV SOLP,19253,0.0007657272794416
Medication,C5K,DEXTROSE 5%-1/2 NORMAL SALINE IV SOLP,5457,0.0007657272794416
Medication,C5K,D5 %-0.9 % SODIUM CHLORIDE IV SOLP,2633,0.0007657272794416
Medication,C5K,DEXTROSE 5% IN NORMAL SALINE IV SOLP,2076,0.0007657272794416
Medication,B62,IPRATROPIUM-ALBUTEROL 0.5 MG-3 MG(2.5 MG BASE)/3 ML INH NEBU,52936,0.0007593892400645
Medication,B62,IPRATROPIUM-ALBUTEROL 18-103 MCG/ACTUATION INH AERO,5795,0.0007593892400645
Medication,B62,IPRATROPIUM-ALBUTEROL 0.5-2.5 MG/3 ML INH NEBU,5352,0.0007593892400645
Medication,B62,IPRATROPIUM-ALBUTEROL 20-100 MCG/ACTUATION INH MIST,4968,0.0007593892400645
Medication,B62,IPRATROPIUM-ALBUTEROL 0.5MG-2.5MG BASE(3MG)/3ML INH NEB-PANEL USE ONLY,2064,0.0007593892400645
Diagnosis,RSP009,"Unspecified asthma, uncomplicated",47317,0.00075440511229
Diagnosis,RSP009,Unspecified asthma(493.90),35777,0.00075440511229
Diagnosis,RSP009,Asthma,35345,0.00075440511229
Diagnosis,RSP009,"Mild intermittent asthma, uncomplicated",22176,0.00075440511229
Diagnosis,RSP009,Mild intermittent asthma without complication,10461,0.00075440511229
Diagnosis,CIR019,"Heart failure, unspecified",25129,0.0007010281012718
Diagnosis,CIR019,"Congestive heart failure, unspecified",20875,0.0007010281012718
Diagnosis,CIR019,Chronic systolic (congestive) heart failure,12348,0.0007010281012718
Diagnosis,CIR019,Chronic diastolic (congestive) heart failure,10801,0.0007010281012718
Diagnosis,CIR019,CHF (congestive heart failure) (CMS-HCC),8278,0.0007010281012718
Diagnosis,INJ028,"Adverse effect of antineoplastic and immunosuppressive drugs, initial encounter",11684,0.0006857786828839
Diagnosis,INJ028,Antineoplastic and immunosuppressive drugs causing adverse effect in therapeutic use,5618,0.0006857786828839
Diagnosis,INJ028,"Adverse effect of glucocorticoids and synthetic analogues, initial encounter",4725,0.0006857786828839
Diagnosis,INJ028,"Adverse effect of unspecified drugs, medicaments and biological substances, initial encounter",4023,0.0006857786828839
Diagnosis,INJ028,"Adverse effect of other opioids, initial encounter",3434,0.0006857786828839
Pocedure,34544,OFFICE CONSLTJ 80 MIN,330608,0.0006785849848942
Pocedure,34544,OFFICE CONSULTATION,728,0.0006785849848942
Pocedure,34544,OP CONSULT/NEW OR EST PT/MOD/HIGH SEV/80 MIN,339,0.0006785849848942
Pocedure,34544,EVAL/MGMT OF NEW PATIENT LEVEL 5,3,0.0006785849848942
Pocedure,34544,REFERRAL TO GI ONCOLOGY,7,0.0006785849848942
Pocedure,481797,"STAT 2019 CORONAVIRUS SARS-COV-2, RT-PCR",47517,0.0006678178985894
Pocedure,100973,OXYGEN: NASAL CANNULA(NURSING ONLY),186937,0.0006499257523568
Pocedure,310,BLOOD CULTURE (AEROBIC & ANAEROBIC BOTTLES),74559,0.0006160792052851
Pocedure,310,BLOOD CULTURE (AEROBIC & ANAEROBIC BOTTLE),68870,0.0006160792052851
Medication,Q5W,MUPIROCIN 2 % TP OINT,32942,0.0005801216629035
Medication,Q5W,BACITRACIN ZINC 500 UNIT/GRAM TP OINT,20921,0.0005801216629035
Medication,Q5W,CLINDAMYCIN PHOSPHATE 1 % TP LOTN,14643,0.0005801216629035
Medication,Q5W,BACITRACIN ZINC 500 UNIT/GRAM TP PACK,10718,0.0005801216629035
Medication,Q5W,MUPIROCIN CALCIUM 2 % TP CREA,7777,0.0005801216629035
Pocedure,1508,WEIGHT,172781,0.0005622053225238
Lab result,NA,"Sodium, Ser/Plas",914528,0.0005489718629971
Lab result,NA,"Sodium, Whole Blood",117026,0.0005489718629971
Lab result,NA,Sodium (Manual Entry) See EMR for details,108406,0.0005489718629971
Lab result,NA,"Sodium, ISTAT",71442,0.0005489718629971
Lab result,NA,"Sodium, whole blood, ePOC",624,0.0005489718629971
Diagnosis,CIR017,Unspecified atrial fibrillation,47024,0.0005271749120852
Diagnosis,CIR017,Atrial fibrillation (CMS-HCC),46861,0.0005271749120852
Diagnosis,CIR017,Other specified cardiac dysrhythmias(427.89),43458,0.0005271749120852
Diagnosis,CIR017,Ventricular premature depolarization,36938,0.0005271749120852
Diagnosis,CIR017,Supraventricular tachycardia,36587,0.0005271749120852
Medication,C4L,METFORMIN 500 MG PO TABS,54818,0.0004242370133498
Medication,C4L,"METFORMIN 1,000 MG PO TABS",29469,0.0004242370133498
Medication,C4L,METFORMIN 500 MG PO TB24,17322,0.0004242370133498
Medication,C4L,METFORMIN PO,9733,0.0004242370133498
Medication,C4L,METFORMIN 850 MG PO TABS,6989,0.0004242370133498
Diagnosis,DIG022,"Noninfective gastroenteritis and colitis, unspecified",22303,0.0004205469161548
Diagnosis,DIG022,Other and unspecified noninfectious gastroenteritis and colitis(558.9),12883,0.0004205469161548
Diagnosis,DIG022,Gastroenteritis,7955,0.0004205469161548
Diagnosis,DIG022,Chronic diarrhea,6116,0.0004205469161548
Diagnosis,DIG022,Other specified noninfective gastroenteritis and colitis,4456,0.0004205469161548
Pocedure,1316,"MAGNESIUM, SERUM/PLASMA",264849,0.0003983473347732
Diagnosis,INJ030,Drug-induced polyneuropathy,2557,0.0003744886576746
Diagnosis,INJ030,Medication overuse headache,2139,0.0003744886576746
Diagnosis,INJ030,"Drug-induced headache, not elsewhere classified, not intractable",2119,0.0003744886576746
Diagnosis,INJ030,Polyneuropathy due to other toxic agents,802,0.0003744886576746
Diagnosis,INJ030,Toxic erythema,430,0.0003744886576746
Medication,C1H,MAGNESIUM SULFATE IV SCALE ,56765,0.0003672434038213
Medication,C1H,MAGNESIUM SULFATE IN WATER 2 GRAM/50 ML (4 %) IV PGBK,30466,0.0003672434038213
Medication,C1H,MAGNESIUM SULFATE IN D5W 1 GRAM/100 ML IV PGBK,27374,0.0003672434038213
Medication,C1H,MAGNESIUM PO,23947,0.0003672434038213
Medication,C1H,MAGNESIUM SULFATE IN 0.9 %NACL 2 GRAM/50 ML IV PGBK,20058,0.0003672434038213
Diagnosis,NEO074,Neoplasm related pain (acute) (chronic),10444,0.0003320542498762
Diagnosis,NEO074,Cancer related pain,3738,0.0003320542498762
Diagnosis,NEO074,Malignant pleural effusion,3239,0.0003320542498762
Diagnosis,NEO074,Malignant ascites,2529,0.0003320542498762
Diagnosis,NEO074,Neoplastic (malignant) related fatigue,1762,0.0003320542498762
Diagnosis,SKN006,Postprocedural hematoma of skin and subcutaneous tissue following other procedure,876,0.000314916116773
Diagnosis,SKN006,Other postprocedural complications of skin and subcutaneous tissue,669,0.000314916116773
Diagnosis,SKN006,Postprocedural seroma of skin and subcutaneous tissue following other procedure,639,0.000314916116773
Diagnosis,SKN006,Postprocedural hemorrhage of skin and subcutaneous tissue following other procedure,416,0.000314916116773
Diagnosis,SKN006,Incisional pain,370,0.000314916116773
Diagnosis,RSP007,Other specified disorders of nose and nasal sinuses,30461,0.0002938178469517
Diagnosis,RSP007,Other diseases of nasal cavity and sinuses(478.19),27513,0.0002938178469517
Diagnosis,RSP007,Deviated nasal septum,25587,0.0002938178469517
Diagnosis,RSP007,Hypertrophy of nasal turbinates,18305,0.0002938178469517
Diagnosis,RSP007,Chronic rhinitis,16384,0.0002938178469517
Medication,D4B,ALUM-MAG HYDROXIDE-SIMETH 200-200-20 MG/5 ML PO SUSP,55999,0.0001631035192544
Medication,D4B,"CALCIUM CARBONATE 400 MG CALCIUM (1,000 MG) PO CHEW",20612,0.0001631035192544
Medication,D4B,ALUM-MAG HYDROXIDE-SIMETH 400-400-40 MG/5 ML PO SUSP,17615,0.0001631035192544
Medication,D4B,CALCIUM CARBONATE 200 MG CALCIUM (500 MG) PO CHEW,10715,0.0001631035192544
Medication,D4B,"CALCIUM CARBONATE 400 MG (1,000 MG) PO CHEW",8543,0.0001631035192544
Diagnosis,NVS020,Other specified disorders of brain,12338,0.0001577912481128
Diagnosis,NVS020,Other conditions of brain(348.89),9389,0.0001577912481128
Diagnosis,NVS020,Metabolic encephalopathy,7182,0.0001577912481128
Diagnosis,NVS020,"Encephalopathy, unspecified",5806,0.0001577912481128
Diagnosis,NVS020,"Disorder of brain, unspecified",3937,0.0001577912481128
Diagnosis,EAR003,"Benign paroxysmal vertigo, unspecified ear",9282,0.0001404878997051
Diagnosis,EAR003,"Benign paroxysmal positional vertigo, unspecified laterality",7779,0.0001404878997051
Diagnosis,EAR003,Benign paroxysmal positional vertigo,7013,0.0001404878997051
Diagnosis,EAR003,"Benign paroxysmal vertigo, right ear",2543,0.0001404878997051
Diagnosis,EAR003,"Benign paroxysmal vertigo, left ear",2174,0.0001404878997051
Diagnosis,END003,Type 2 diabetes mellitus with hyperglycemia,24117,0.0001193615512047
Diagnosis,END003,Type 2 diabetes mellitus with diabetic chronic kidney disease,16238,0.0001193615512047
Diagnosis,END003,Type 2 diabetes mellitus with unspecified complications,14690,0.0001193615512047
Diagnosis,END003,Type 2 diabetes mellitus with other specified complication,9956,0.0001193615512047
Diagnosis,END003,Type 2 diabetes mellitus with diabetic nephropathy,6389,0.0001193615512047
Diagnosis,END007,Vitamin D deficiency,83075,0.0001192726792318
Diagnosis,END007,"Vitamin D deficiency, unspecified",71879,0.0001192726792318
Diagnosis,END007,Unspecified vitamin D deficiency,25190,0.0001192726792318
Diagnosis,END007,Deficiency of other specified B group vitamins,11168,0.0001192726792318
Diagnosis,END007,Vitamin D insufficiency,7044,0.0001192726792318
Diagnosis,END014,Postprocedural hypoparathyroidism,409,0.0001106158739034
Diagnosis,END014,Asymptomatic postprocedural ovarian failure,362,0.0001106158739034
Diagnosis,END014,Symptomatic states associated with artificial menopause,264,0.0001106158739034
Diagnosis,END014,Surgical menopause,260,0.0001106158739034
Diagnosis,END014,Postprocedural adrenocortical (-medullary) hypofunction,174,0.0001106158739034
Diagnosis,END016,Overweight,23032,9.473353768030268e-05
Diagnosis,END016,Hypercalcemia,10935,9.473353768030268e-05
Diagnosis,END016,Hypomagnesemia,9670,9.473353768030268e-05
Diagnosis,END016,Overweight (BMI 25.0-29.9),9390,9.473353768030268e-05
Diagnosis,END016,Hypocalcemia,8353,9.473353768030268e-05
Diagnosis,FAC020,Tobacco use,11379,9.210659167679935e-05
Diagnosis,FAC020,Other problems related to lifestyle,4598,9.210659167679935e-05
Diagnosis,FAC020,Tobacco abuse,4255,9.210659167679935e-05
Diagnosis,FAC020,"Other psychological or physical stress, not elsewhere classified(V62.89)",1980,9.210659167679935e-05
Diagnosis,FAC020,High risk heterosexual behavior,1953,9.210659167679935e-05
Medication,H3D,ASPIRIN 325 MG PO TABS,57934,7.292138076642196e-05
Medication,H3D,ASPIRIN PO,16842,7.292138076642196e-05
Medication,H3D,ASPIRIN 300 MG PR SUPP,12033,7.292138076642196e-05
Medication,H3D,ASPIRIN 325 MG PO TBEC,6662,7.292138076642196e-05
Medication,H3D,EXCEDRIN MIGRAINE PO,2029,7.292138076642196e-05
Diagnosis,CIR026,"Peripheral vascular disease, unspecified",14601,5.886163231361152e-05
Diagnosis,CIR026,"Peripheral vascular disease, unspecified (CMS-HCC)",9061,5.886163231361152e-05
Diagnosis,CIR026,Atherosclerosis of aorta (CMS-HCC),7802,5.886163231361152e-05
Diagnosis,CIR026,Atherosclerosis of aorta,7693,5.886163231361152e-05
Diagnosis,CIR026,PVD (peripheral vascular disease) (CMS-HCC),7201,5.886163231361152e-05
Diagnosis,EXT027,Unspecified place of occurrence,40908,4.748801989862272e-05
Diagnosis,EXT027,Other specified places as the place of occurrence of the external cause,28100,4.748801989862272e-05
Diagnosis,EXT027,"Place of occurrence, home",24394,4.748801989862272e-05
Diagnosis,EXT027,Unspecified place in unspecified non-institutional (private) residence as the place of occurrence of the external cause,20853,4.748801989862272e-05
Diagnosis,EXT027,"Place of occurrence, residential institution",17050,4.748801989862272e-05
Lab result,HGB,Hemoglobin,982722,4.364163311176839e-05
Lab result,HGB,Hemoglobin (Manual Entry) See EMR for details,114709,4.364163311176839e-05
Lab result,HGB,"Hgb(Calc), ISTAT",71388,4.364163311176839e-05
Lab result,HGB,HgB,46893,4.364163311176839e-05
Lab result,HGB,HGB (Manual Entry) See EMR for details,3202,4.364163311176839e-05
Diagnosis,FAC019,Homelessness,4175,4.247618835684364e-05
Diagnosis,FAC019,Other specified problems related to psychosocial circumstances,2740,4.247618835684364e-05
Diagnosis,FAC019,Other physical and mental strain related to work,2394,4.247618835684364e-05
Diagnosis,FAC019,Stress at work,1676,4.247618835684364e-05
Diagnosis,FAC019,Problems related to unwanted pregnancy,1628,4.247618835684364e-05
Diagnosis,FAC011,Other sex counseling,270,2.2916663278915728e-05
Diagnosis,FAC011,Counseling on other sexually transmitted diseases,252,2.2916663278915728e-05
Diagnosis,FAC011,Sex counseling,167,2.2916663278915728e-05
Diagnosis,FAC011,Sexually transmitted disease counseling,110,2.2916663278915728e-05
Diagnosis,FAC011,"Sex counseling, unspecified",70,2.2916663278915728e-05
Diagnosis,CIR016,"Conduction disorder, unspecified",18080,4.422842181162068e-06
Diagnosis,CIR016,Unspecified right bundle-branch block,17334,4.422842181162068e-06
Diagnosis,CIR016,Long QT syndrome,16149,4.422842181162068e-06
Diagnosis,CIR016,Presence of cardiac pacemaker,14819,4.422842181162068e-06
Diagnosis,CIR016,Cardiac pacemaker in situ,13642,4.422842181162068e-06
Diagnosis,END008,Moderate protein-calorie malnutrition,5752,0.0
Diagnosis,END008,Mild protein-calorie malnutrition,3014,0.0
Diagnosis,END008,Moderate protein-calorie malnutrition (CMS-HCC),1090,0.0
Diagnosis,END008,Malnutrition of moderate degree (CMS-HCC),739,0.0
Diagnosis,END008,Mild protein-calorie malnutrition (CMS-HCC),558,0.0
Pocedure,2215,TROPONIN I,117053,0.0
Pocedure,17968,SALINE LOCK AND FLUSH,232774,0.0
Diagnosis,CIR020,"Cerebral infarction, unspecified",16509,0.0
Diagnosis,CIR020,Unspecified cerebral artery occlusion with cerebral infarction,9620,0.0
Diagnosis,CIR020,"Cerebrovascular accident (CVA), unspecified mechanism (CMS-HCC)",8063,0.0
Diagnosis,CIR020,Stroke (CMS-HCC),4886,0.0
Diagnosis,CIR020,Other cerebral infarction,3149,0.0
Diagnosis,CIR024,"Cerebral aneurysm, nonruptured",6231,0.0
Diagnosis,CIR024,Cerebral atherosclerosis,3395,0.0
Diagnosis,CIR024,Other generalized ischemic cerebrovascular disease,2529,0.0
Diagnosis,CIR024,"Cerebrovascular disease, unspecified",2296,0.0
Diagnosis,CIR024,"Acute, but ill-defined, cerebrovascular disease",2112,0.0
Medication,W1A,AMOXICILLIN-POT CLAVULANATE 875-125 MG PO TABS,70345,0.0
Medication,W1A,AMOXICILLIN 500 MG PO CAPS,44727,0.0
Medication,W1A,PIPERACILLIN-TAZOBACTAM-DEXTRS 3.375 GRAM/50 ML IV PGBK,34193,0.0
Medication,W1A,AMOXICILLIN 400 MG/5 ML PO SUSR,17573,0.0
Medication,W1A,PIPERACILLIN-TAZOBACTAM-DEXTRS 4.5 GRAM/100 ML IV PGBK,12571,0.0
Medication,W4E,METRONIDAZOLE 500 MG PO TABS,32878,0.0
Medication,W4E,METRONIDAZOLE IN NACL (ISO-OS) 500 MG/100 ML IV PGBK,26423,0.0
Medication,W4E,METRONIDAZOLE 250 MG PO TABS,4336,0.0
Medication,W4E,FLAGYL 500 MG PO TABS,2383,0.0
Medication,W4E,FLAGYL 250 MG PO TABS,688,0.0
Diagnosis,END002,Type 2 diabetes mellitus without complications,71005,0.0
Diagnosis,END002,"Type II or unspecified type diabetes mellitus without mention of complication, not stated as uncontrolled",50212,0.0
Diagnosis,END002,"Type 2 diabetes mellitus without complication, without long-term current use of insulin (CMS-HCC)",21953,0.0
Diagnosis,END002,Diabetes mellitus (CMS-HCC),17960,0.0
Diagnosis,END002,Type 2 diabetes mellitus without complication (CMS-HCC),14230,0.0
Diagnosis,SYM010,Memory loss,16174,0.0
Diagnosis,SYM010,"Altered mental status, unspecified",16028,0.0
Diagnosis,SYM010,Altered mental status,14907,0.0
Diagnosis,SYM010,Other amnesia,14327,0.0
Diagnosis,SYM010,Other abnormalities of gait and mobility,12876,0.0
Medication,W1J,"VANCOMYCIN 1,000 MG IV SOLR",24716,0.0
Medication,W1J,VANCOMYCIN IN D5W 1 GRAM/200 ML IV PGBK,21425,0.0
Medication,W1J,VANCOMYCIN IN DEXTROSE 5 % 1 GRAM/200 ML IV PGBK,11225,0.0
Medication,W1J,VANCOMYCIN IN DEXTROSE 1 GRAM/200 ML IV PGBK,6075,0.0
Medication,W1J,VANCOMYCIN-WATER INJECT (PEG) 1 GRAM/200 ML IV PGBK,4964,0.0
Diagnosis,SYM008,Restlessness and agitation,5103,0.0
Diagnosis,SYM008,Other symptoms and signs involving appearance and behavior,3342,0.0
Diagnosis,SYM008,Other symptoms and signs involving emotional state,2707,0.0
Diagnosis,SYM008,Depressed mood,2057,0.0
Diagnosis,SYM008,Agitation,1886,0.0
Lab result,NEUTAB,"NEUT, ABS",522238,0.0
Lab result,NEUTAB,"Neutrophil, Absolute",384165,0.0
Lab result,NEUTAB,"Neut, ABS (man diff)",41867,0.0
Lab result,NEUTAB,"Neut, ABS (Seg+Band) (man diff)",31195,0.0
Lab result,NEUTAB,"NEUTS, ABS",5167,0.0
Pocedure,37225,PT ONGOING TREATMENT,105077,0.0
Diagnosis,SYM013,Shortness of breath,123781,0.0
Diagnosis,SYM013,"Dyspnea, unspecified",36590,0.0
Diagnosis,SYM013,Nasal congestion,34025,0.0
Diagnosis,SYM013,SOB (shortness of breath),32192,0.0
Diagnosis,SYM013,Hypoxemia,26795,0.0
Medication,A4A,HYDRALAZINE 20 MG/ML INJ SOLN,99749,0.0
Medication,A4A,HYDRALAZINE 25 MG PO TABS,16048,0.0
Medication,A4A,HYDRALAZINE 10 MG PO TABS,10341,0.0
Medication,A4A,HYDRALAZINE 50 MG PO TABS,8724,0.0
Medication,A4A,HYDRALAZINE 20 MG/ML INJ SOLN (24 HOUR STOP TIME),4843,0.0
Lab result,RDW,RDW,974552,0.0
Lab result,RDW,RDW (MANUAL ENTRY) See EMR for details,4076,0.0
Diagnosis,END009,"Obesity, unspecified",80077,0.0
Diagnosis,END009,Morbid (severe) obesity due to excess calories,28498,0.0
Diagnosis,END009,Morbid obesity (CMS-HCC),25684,0.0
Diagnosis,END009,Obesity,25169,0.0
Diagnosis,END009,Obesity (BMI 30-39.9),11212,0.0
Medication,C1B,SODIUM CHLORIDE 0.9 % 0.9 % IV SOLP,211392,0.0
Medication,C1B,SODIUM CHLORIDE 0.9 % IV SOLP,134406,0.0
Medication,C1B,SODIUM CHLORIDE 0.9 % (FLUSH) INJ SYRG,49739,0.0
Medication,C1B,SODIUM CHLORIDE 0.9 % INJ SYRG,16514,0.0
Medication,C1B,SODIUM CHLORIDE 0.9 % INJ SOLN,13936,0.0
Medication,J2B,GLYCOPYRROLATE 0.2 MG/ML INJ SOLN,95531,0.0
Medication,J2B,GLYCOPYRROLATE 1 MG PO TABS,1743,0.0
Medication,J2B,CHLORDIAZEPOXIDE-CLIDINIUM 5-2.5 MG PO CAPS,299,0.0
Medication,J2B,GLYCOPYRROLATE 2 MG PO TABS,230,0.0
Medication,J2B,LIBRAX (WITH CLIDINIUM) 5-2.5 MG PO CAPS,193,0.0
Medication,M4D,ATORVASTATIN 40 MG PO TABS,70294,0.0
Medication,M4D,ATORVASTATIN 20 MG PO TABS,62829,0.0
Medication,M4D,ATORVASTATIN 10 MG PO TABS,61005,0.0
Medication,M4D,SIMVASTATIN 20 MG PO TABS,40287,0.0
Medication,M4D,ATORVASTATIN 80 MG PO TABS,25555,0.0
Medication,J2A,ATROPINE 0.1 MG/ML INJ SYRG,24962,0.0
Medication,J2A,ATROPINE 0.4 MG/ML INJ SOLN,4501,0.0
Medication,J2A,HYOSCYAMINE SULFATE 0.125 MG SL SUBL,3100,0.0
Medication,J2A,HYOSCYAMINE SULFATE 0.125 MG PO TABS,3020,0.0
Medication,J2A,ATROPINE 1 MG/ML INJ SOLN,2645,0.0
Medication,C5J,DEXTROSE 50 % IN WATER (D50W) IV SYRG,141338,0.0
Medication,C5J,DEXTROSE 5 % IN WATER (D5W) IV SOLP,24303,0.0
Medication,C5J,DEXTROSE 50% IN WATER (D50W) IV SYRG,21478,0.0
Medication,C5J,DEXTROSE 50 % IN WATER (D50W) IV SOLP,11399,0.0
Medication,C5J,DEXTROSE 10 % IN WATER (D10W) 10 % IV SOLP,5329,0.0
Medication,M9K,ENOXAPARIN 40 MG/0.4 ML SC SYRG,83526,0.0
Medication,M9K,"HEPARIN, PORCINE (PF) 5,000 UNIT/0.5 ML INJ SOLN",65177,0.0
Medication,M9K,"HEPARIN, PORCINE (PF) 100 UNIT/ML IV SYRG",38558,0.0
Medication,M9K,"HEPARIN (PORCINE) 1,000 UNIT/ML INJ SOLN",33588,0.0
Medication,M9K,ENOXAPARIN 30 MG/0.3 ML SC SYRG,19047,0.0
Lab result,XSPG,"Specific Gravity, urine",221483,0.0
Medication,M9P,ASPIRIN 81 MG PO TBEC,172290,0.0
Medication,M9P,ASPIRIN 81 MG PO CHEW,80379,0.0
Medication,M9P,CLOPIDOGREL 75 MG PO TABS,35825,0.0
Medication,M9P,PLAVIX 75 MG PO TABS,14580,0.0
Medication,M9P,ASPIRIN 81 MG PO TABS,14063,0.0
Medication,H7T,QUETIAPINE 25 MG PO TABS,16767,0.0
Medication,H7T,OLANZAPINE 5 MG PO TBDL,6787,0.0
Medication,H7T,OLANZAPINE 5 MG PO TABS,5156,0.0
Medication,H7T,QUETIAPINE 100 MG PO TABS,4378,0.0
Medication,H7T,QUETIAPINE 50 MG PO TABS,4372,0.0
Medication,H7O,HALOPERIDOL LACTATE 5 MG/ML INJ SOLN,22876,0.0
Medication,H7O,HALOPERIDOL 1 MG PO TABS,6100,0.0
Medication,H7O,HALOPERIDOL INTRAMUSCULAR INJECTION,4022,0.0
Medication,H7O,HALOPERIDOL 2 MG PO TABS,2630,0.0
Medication,H7O,HALOPERIDOL 0.5 MG PO TABS,2139,0.0
Medication,P5A,DEXAMETHASONE SODIUM PHOSPHATE 4 MG/ML INJ SOLN,176739,0.0
Medication,P5A,PREDNISONE 20 MG PO TABS,59878,0.0
Medication,P5A,PREDNISONE 10 MG PO TABS,47737,0.0
Medication,P5A,METHYLPREDNISOLONE SOD SUC(PF) 125 MG/2 ML INJ SOLR,33330,0.0
Medication,P5A,DEXAMETHASONE 4 MG PO TABS,32883,0.0
Medication,P6A,MELATONIN 3 MG PO TABS,48005,0.0
Medication,P6A,MELATONIN 5 MG PO TABS,36250,0.0
Medication,P6A,MELATONIN 3 MG PO TBDL,23220,0.0
Medication,P6A,MELATONIN PO,16022,0.0
Medication,P6A,MELATONIN 1 MG PO TABS,5067,0.0
Lab result,WBC,WBC,975990,0.0
Lab result,WBC,WBC (Manual Entry) See EMR for details,104161,0.0
Lab result,WBC,WBC count,15815,0.0
Lab result,WBC,WBC Count,193,0.0
Lab result,WBC,White Cells,1,0.0
Medication,H7E,TRAZODONE 50 MG PO TABS,64606,0.0
Medication,H7E,TRAZODONE 100 MG PO TABS,11218,0.0
Medication,H7E,TRAZODONE PO,5211,0.0
Medication,H7E,TRAZODONE 150 MG PO TABS,2456,0.0
Medication,H7E,TRAZODONE 300 MG PO TABS,307,0.0
Diagnosis,BLD001,"Iron deficiency anemia, unspecified",36070,0.0
Diagnosis,BLD001,Iron deficiency anemia,17354,0.0
Diagnosis,BLD001,"Iron deficiency anemia, unspecified iron deficiency anemia type",15662,0.0
Diagnosis,BLD001,Iron deficiency anemia secondary to blood loss (chronic),15105,0.0
Diagnosis,BLD001,Other iron deficiency anemias,9978,0.0
Medication,A4F,LOSARTAN 50 MG PO TABS,45424,0.0
Medication,A4F,LOSARTAN 25 MG PO TABS,32915,0.0
Medication,A4F,LOSARTAN 100 MG PO TABS,27248,0.0
Medication,A4F,VALSARTAN 160 MG PO TABS,8855,0.0
Medication,A4F,VALSARTAN 80 MG PO TABS,8512,0.0
Medication,A4D,LISINOPRIL 10 MG PO TABS,52643,0.0
Medication,A4D,LISINOPRIL 20 MG PO TABS,41409,0.0
Medication,A4D,LISINOPRIL 5 MG PO TABS,32374,0.0
Medication,A4D,LISINOPRIL 40 MG PO TABS,20829,0.0
Medication,A4D,LISINOPRIL 2.5 MG PO TABS,16168,0.0
Medication,Q9B,TAMSULOSIN 0.4 MG PO CP24,36234,0.0
Medication,Q9B,TAMSULOSIN 0.4 MG PO CAPS,33918,0.0
Medication,Q9B,FINASTERIDE 5 MG PO TABS,21418,0.0
Medication,Q9B,FLOMAX 0.4 MG PO CP24,8656,0.0
Medication,Q9B,FLOMAX PO,3813,0.0
Medication,R1F,HYDROCHLOROTHIAZIDE 25 MG PO TABS,56958,0.0
Medication,R1F,HYDROCHLOROTHIAZIDE 12.5 MG PO TABS,19994,0.0
Medication,R1F,HYDROCHLOROTHIAZIDE 12.5 MG PO CAPS,9387,0.0
Medication,R1F,CHLORTHALIDONE 25 MG PO TABS,8240,0.0
Medication,R1F,HYDROCHLOROTHIAZIDE PO,5775,0.0
Diagnosis,CIR008,"Hypertensive chronic kidney disease with stage 1 through stage 4 chronic kidney disease, or unspecified chronic kidney disease",23383,0.0
Diagnosis,CIR008,"Unspecified hypertensive kidney disease with chronic kidney disease stage I through stage IV, or unspecified(403.90)",13029,0.0
Diagnosis,CIR008,Hypertensive heart disease with heart failure,12405,0.0
Diagnosis,CIR008,"Hypertensive heart and chronic kidney disease with heart failure and stage 1 through stage 4 chronic kidney disease, or unspecified chronic kidney disease",10640,0.0
Diagnosis,CIR008,"Secondary hypertension, unspecified",6725,0.0
Medication,H3U,HYDROCODONE-ACETAMINOPHEN 5-325 MG PO TABS,185292,0.0
Medication,H3U,HYDROCODONE-ACETAMINOPHEN 5-500 MG PO TABS,107101,0.0
Medication,H3U,OXYCODONE-ACETAMINOPHEN 5-325 MG PO TABS,92328,0.0
Medication,H3U,HYDROCODONE-ACETAMINOPHEN 10-325 MG PO TABS,71846,0.0
Medication,H3U,ACETAMINOPHEN-CODEINE 300-30 MG PO TABS,28896,0.0
Pocedure,17587,OT ONGOING TREATMENT,89928,0.0
Pocedure,1721,PTT PARTIAL THROMBOPLASTIN TIME,291092,0.0
Diagnosis,END010,"Hyperlipidemia, unspecified",196135,0.0
Diagnosis,END010,Hyperlipidemia,108416,0.0
Diagnosis,END010,Other and unspecified hyperlipidemia,105318,0.0
Diagnosis,END010,"Hyperlipidemia, unspecified hyperlipidemia type",101058,0.0
Diagnosis,END010,Mixed hyperlipidemia,60657,0.0
Medication,J7C,METOPROLOL TARTRATE 5 MG/5 ML IV SOLN,84578,0.0
Medication,J7C,METOPROLOL TARTRATE 25 MG PO TABS,58045,0.0
Medication,J7C,METOPROLOL SUCCINATE 25 MG PO TB24,46815,0.0
Medication,J7C,METOPROLOL SUCCINATE 50 MG PO TB24,33636,0.0
Medication,J7C,METOPROLOL TARTRATE 50 MG PO TABS,24930,0.0
Lab result,CA,"Calcium, Ser/Plas",896056,0.0
Lab result,CA,"Calcium, Serum (Manual Entry) See EMR for details",91151,0.0
Lab result,CA,Calcium,88,0.0
Lab result,CA,"Calcium, Serum",25,0.0
Pocedure,119055,AB SCREEN (ASI),149182,0.0
Pocedure,119815,POC GLUCOSE BY METER,187765,0.0
Medication,H1U,GADOBENATE DIMEGLUMINE 529 MG/ML (0.1MMOL/0.2ML) IV SOLN,42702,0.0
Medication,H1U,GADOPENTETATE DIMEGLUMINE 2.5 MMOL/5 ML (469.01 MG/ML) IV SOLN,726,0.0
Medication,H1U,GADOBENATE DIMEGLUMINE 529 MG/ML IV SOLN 10 ML,294,0.0
Medication,H1U,GADOTERATE MEGLUMINE 0.5 MMOL/ML (376.9 MG/ML) IV SOLN,158,0.0
Medication,H1U,GADOTERATE MEGLUMINE 0.5 MMOL/ML (376.9 MG/ML) IV SOLN 15 ML,96,0.0
Diagnosis,SKN002,Acne vulgaris,23164,0.0
Diagnosis,SKN002,"Pruritus, unspecified",21667,0.0
Diagnosis,SKN002,"Seborrheic dermatitis, unspecified",19108,0.0
Diagnosis,SKN002,Other acne,17180,0.0
Diagnosis,SKN002,Seborrheic dermatitis,16851,0.0
Diagnosis,MBD005,"Anxiety disorder, unspecified",72665,0.0
Diagnosis,MBD005,Anxiety,54252,0.0
Diagnosis,MBD005,Generalized anxiety disorder,44981,0.0
Diagnosis,MBD005,"Anxiety state, unspecified",40819,0.0
Diagnosis,MBD005,Anxiety state,31720,0.0
Diagnosis,MBD026,"Alcohol abuse, in remission",3180,0.0
Diagnosis,MBD026,"Alcohol dependence, in remission",2755,0.0
Diagnosis,MBD026,"Major depressive disorder, single episode, in full remission",2325,0.0
Diagnosis,MBD026,"Major depressive disorder, recurrent, in full remission",1877,0.0
Diagnosis,MBD026,"Major depressive disorder, recurrent, in remission, unspecified",1165,0.0
Diagnosis,MUS007,Effusion of lower leg joint,10389,0.0
Diagnosis,MUS007,"Effusion, right knee",7205,0.0
Diagnosis,MUS007,Other specified disorders of lower leg joint,6820,0.0
Diagnosis,MUS007,"Effusion, left knee",6546,0.0
Diagnosis,MUS007,"Other affections of shoulder region, not elsewhere classified",5208,0.0
Diagnosis,SKN001,Cellulitis,12342,0.0
Diagnosis,SKN001,"Local infection of the skin and subcutaneous tissue, unspecified",9178,0.0
Diagnosis,SKN001,"Cellulitis, unspecified",7708,0.0
Diagnosis,SKN001,Impetigo,7483,0.0
Diagnosis,SKN001,"Cellulitis, unspecified cellulitis site",6505,0.0
Medication,D4N,SIMETHICONE 40 MG/0.6 ML PO DRPS,35538,0.0
Medication,D4N,SIMETHICONE 80 MG PO CHEW,24677,0.0
Medication,D4N,GAS-X PO,1078,0.0
Medication,D4N,SIMETHICONE PO,441,0.0
Medication,D4N,SIMETHICONE 125 MG PO CAPS,410,0.0
Medication,D4J,PANTOPRAZOLE 40 MG PO TBEC,132876,0.0
Medication,D4J,OMEPRAZOLE 20 MG PO CPDR,84307,0.0
Medication,D4J,PANTOPRAZOLE 40 MG IV SOLR,65694,0.0
Medication,D4J,OMEPRAZOLE 40 MG PO CPDR,32383,0.0
Medication,D4J,PANTOPRAZOLE 20 MG PO TBEC,19654,0.0
Pocedure,1470,NURSING PULSE OXIMETRY (SPOT CHECK),117935,0.0
Diagnosis,MUS026,Muscle weakness (generalized),25570,0.0
Diagnosis,MUS026,Other muscle spasm,9943,0.0
Diagnosis,MUS026,Spasm of muscle,7285,0.0
Diagnosis,MUS026,Other specified disorders of muscle,6549,0.0
Diagnosis,MUS026,Muscle weakness,5701,0.0
Lab result,ALB,"Albumin, Ser/Plas",800563,0.0
Lab result,ALB,ALBUMIN BLD  (MANUAL ENTRY) See EMR for details,9434,0.0
Lab result,ALB,Albumin,7018,0.0
Lab result,ALB,"Albumin, Serum",50,0.0
Medication,D0U,"BARIUM SULFATE 40 % (W/V), 30% (W/W) PO PSTE",5976,0.0
Medication,D0U,BARIUM SULFATE 40 % (W/V) PO SUSP,5375,0.0
Medication,D0U,"BARIUM SULFATE 2.1 % (W/V), 2.0 % (W/W) PO SUSP",5056,0.0
Medication,D0U,BARIUM SULFATE 60 % (W/V) PO SUSP,4448,0.0
Medication,D0U,BARIUM SULFATE 40 % (W/V) PO POWD,4340,0.0
Pocedure,703,DIET NPO,186079,0.0
Pocedure,88985,DIET NPO AFTER MIDNIGHT,58813,0.0
Diagnosis,NVS010,Migraine,17781,0.0
Diagnosis,NVS010,"Migraine, unspecified, not intractable, without status migrainosus",15959,0.0
Diagnosis,NVS010,"Migraine, unspecified, without mention of intractable migraine without mention of status migrainosus",14995,0.0
Diagnosis,NVS010,"Migraine without aura, not intractable, without status migrainosus",9723,0.0
Diagnosis,NVS010,"Migraine with aura, not intractable, without status migrainosus",9449,0.0
Diagnosis,NVS016,Obstructive sleep apnea (adult) (pediatric),95662,0.0
Diagnosis,NVS016,"Insomnia, unspecified",66765,0.0
Diagnosis,NVS016,OSA (obstructive sleep apnea),55171,0.0
Diagnosis,NVS016,Insomnia,39038,0.0
Diagnosis,NVS016,Obstructive sleep apnea,33252,0.0
Pocedure,1575,OT EVALUATE AND TREAT,126795,0.0
Pocedure,1717,PT EVALUATE AND TREAT,148648,0.0
Diagnosis,SKN005,"Contact dermatitis and other eczema, due to unspecified cause",34510,0.0
Diagnosis,SKN005,"Unspecified contact dermatitis, unspecified cause",5157,0.0
Diagnosis,SKN005,Other skin changes due to chronic exposure to nonionizing radiation,4476,0.0
Diagnosis,SKN005,Contact dermatitis,4303,0.0
Diagnosis,SKN005,"Contact dermatitis, unspecified contact dermatitis type, unspecified trigger",3637,0.0
Pocedure,119052,ABO/RH (ARI),163656,0.0
Pocedure,119052,ABO/RH,15586,0.0
Lab result,MG,"Magnesium, Ser/Plas",253937,0.0
Lab result,MG,MAGNESIUM BLD (MANUAL ENTRY) See EMR for details,5994,0.0
Lab result,MG,Magnesium,76,0.0
Pocedure,1036,HEMOGLOBIN A1C,432233,0.0
Medication,H3A,OXYCODONE 5 MG PO TABS,217621,0.0
Medication,H3A,HYDROMORPHONE 1 MG/ML INJ SYRG,126927,0.0
Medication,H3A,HYDROMORPHONE (PF) 2 MG/ML INJ SOLN,106201,0.0
Medication,H3A,TRAMADOL 50 MG PO TABS,76441,0.0
Medication,H3A,MEPERIDINE (PF) 25 MG/ML INJ SYRG,66899,0.0
Medication,W7C,FLU VAC QS 2014-15(36MOS+)(PF) 60 MCG (15 MCG X 4)/0.5 ML IM SYRG,9767,0.0
Medication,W7C,INFLUENZA 2009-10 VAC (PF) (FLUZONE) SYRG (FOR AGE > 36 MO),9077,0.0
Medication,W7C,FLU VAC TS 2013-14(36MOS+)(PF) 45 MCG (15 MCG X 3)/0.5 ML IM SYRG,8921,0.0
Medication,W7C,FLU VACC QS2019-20 6MOS UP(PF) 60 MCG (15 MCG X 4)/0.5 ML IM SYRG,4956,0.0
Medication,W7C,FLU VACC TS2019-20(65YR UP)PF 180 MCG/0.5 ML IM SYRG,3817,0.0
Diagnosis,SYM005,"Dysphagia, unspecified",30484,0.0
Diagnosis,SYM005,"Dysphagia, unspecified type",16426,0.0
Diagnosis,SYM005,"Dysphagia, unspecified(787.20)",14381,0.0
Diagnosis,SYM005,Dysphagia,13569,0.0
Diagnosis,SYM005,"Dysphagia, oropharyngeal phase",5457,0.0
Lab result,LYMAB,"LYM, ABS",496919,0.0
Lab result,LYMAB,"Lymphocyte, Absolute",386943,0.0
Lab result,LYMAB,"Lymphocytes, ABS (man diff)",53200,0.0
Lab result,LYMAB,"Lym, ABS (man diff)",43787,0.0
Lab result,LYMAB,"Lymphocytes, Abs.",24480,0.0
Diagnosis,EXT019,"Exposure to other specified factors, initial encounter",21785,0.0
Diagnosis,EXT019,Unspecified accident,7872,0.0
Diagnosis,EXT019,Other accident,1944,0.0
Diagnosis,EXT019,"Unknown cause of injury, initial encounter",1321,0.0
Diagnosis,EXT019,"Accident, initial encounter",1131,0.0
Medication,Z2P,PROMETHAZINE 25 MG/ML INJ SOLN,138980,0.0
Medication,Z2P,DIPHENHYDRAMINE HCL 50 MG/ML INJ SOLN,105573,0.0
Medication,Z2P,DIPHENHYDRAMINE HCL 25 MG PO CAPS,89838,0.0
Medication,Z2P,HYDROXYZINE HCL 25 MG PO TABS,37836,0.0
Medication,Z2P,HYDROXYZINE HCL 50 MG/ML IM SOLN,23308,0.0
Diagnosis,FAC001,Encounter for other administrative examinations,98274,0.0
Diagnosis,FAC001,"Encounter for administrative examinations, unspecified",44697,0.0
Diagnosis,FAC001,Encounters for other specified administrative purpose(V68.89),33024,0.0
Diagnosis,FAC001,Encounters for administrative purposes,31929,0.0
Diagnosis,FAC001,Encounters for unspecified administrative purpose,28199,0.0
Medication,H2Z,FLUMAZENIL 0.1 MG/ML IV SOLN,89553,0.0
Medication,H2Z,FLUMAZENIL IV,1,0.0
Diagnosis,FAC010,Encounter for therapeutic drug level monitoring,22428,0.0
Diagnosis,FAC010,Medication monitoring encounter,22415,0.0
Diagnosis,FAC010,Encounter for other specified aftercare,21495,0.0
Diagnosis,FAC010,Encounter for palliative care,19165,0.0
Diagnosis,FAC010,Encounter for removal of sutures,11936,0.0
Diagnosis,FAC012,Other specified counseling,57146,0.0
Diagnosis,FAC012,Dietary counseling and surveillance,21910,0.0
Diagnosis,FAC012,Persons encountering health services in other specified circumstances,21526,0.0
Diagnosis,FAC012,Travel advice encounter,15670,0.0
Diagnosis,FAC012,Encounter to establish care,13806,0.0
Medication,Z9D,GADOBUTROL 1 MMOL/ML IV SOLUTION (RADIOLOGY) 7.5 ML,17358,0.0
Medication,Z9D,GADOBUTROL 1 MMOL/ML IV SOLUTION (RADIOLOGY) 10 ML,11980,0.0
Medication,Z9D,GLUCAGON (HUMAN RECOMBINANT) 1 MG/ML INJ SOLR,5282,0.0
Medication,Z9D,GLUCAGON HCL 1 MG INJ SOLR,3180,0.0
Medication,Z9D,ISOSULFAN BLUE 1 % SC SOLN,2912,0.0
Diagnosis,FAC016,Encounter for screening for other viral diseases,193224,0.0
Diagnosis,FAC016,Contact with and (suspected) exposure to other viral communicable diseases,129531,0.0
Diagnosis,FAC016,Screening for viral disease,108743,0.0
Diagnosis,FAC016,Contact with or exposure to viral disease,72009,0.0
Diagnosis,FAC016,Need for hepatitis C screening test,68338,0.0
Medication,C6Z,MULTIVITAMIN PO,35213,0.0
Medication,C6Z,THERAPEUTIC MULTIVITAMIN PO TABS,33736,0.0
Medication,C6Z,MULTIVITAMIN PO TABS,17928,0.0
Medication,C6Z,B-COMPLEX WITH VITAMIN C PO TABS,13142,0.0
Medication,C6Z,MULTIVITAMINS PO,10127,0.0
Medication,C1D,POTASSIUM CHLORIDE 20 MEQ PO TBTQ,70016,0.0
Medication,C1D,POTASSIUM CHLORID-D5-0.45%NACL 20 MEQ/L IV SOLP,50889,0.0
Medication,C1D,POTASSIUM CHLORIDE 10 MEQ PO TBTQ,46113,0.0
Medication,C1D,POTASSIUM CHLORIDE ORAL SCALE,36673,0.0
Medication,C1D,POTASSIUM CHLORIDE IV SCALE,36169,0.0
Diagnosis,FAC021,Personal history of nicotine dependence,72828,0.0
Diagnosis,FAC021,Family history of ischemic heart disease and other diseases of the circulatory system,40831,0.0
Diagnosis,FAC021,"Personal history of tobacco use, presenting hazards to health",38991,0.0
Diagnosis,FAC021,Family history of malignant neoplasm of breast,33280,0.0
Diagnosis,FAC021,Personal history of colonic polyps,30779,0.0
Pocedure,1001,GLUCOSE BY METER,223927,0.0
Diagnosis,FAC024,Latent tuberculosis,2428,0.0
Diagnosis,FAC024,Carrier or suspected carrier of methicillin resistant Staphylococcus aureus,1748,0.0
Diagnosis,FAC024,"TB lung, latent",1152,0.0
Diagnosis,FAC024,LTBI (latent tuberculosis infection),900,0.0
Diagnosis,FAC024,MRSA (methicillin resistant staph aureus) culture positive,812,0.0
Diagnosis,SYM002,"Fever, unspecified",105783,0.0
Diagnosis,SYM002,"Fever, unspecified fever cause",28059,0.0
Diagnosis,SYM002,Fever,28036,0.0
Diagnosis,SYM002,Fever presenting with conditions classified elsewhere,13846,0.0
Diagnosis,SYM002,Acute febrile illness in child,3478,0.0
Lab result,EOSAB,"EOS, ABS",570480,0.0
Lab result,EOSAB,"Eosinophil, Absolute",386713,0.0
Lab result,EOSAB,"Eosinophils, ABS (man diff)",39330,0.0
Lab result,EOSAB,"Eos, ABS (man diff)",29133,0.0
Diagnosis,GEN003,"Chronic kidney disease, unspecified",31611,0.0
Diagnosis,GEN003,"Chronic kidney disease, stage 3 (moderate)",23268,0.0
Diagnosis,GEN003,"Chronic kidney disease, stage 2 (mild)",13463,0.0
Diagnosis,GEN003,End stage renal disease (CMS-HCC),10264,0.0
Diagnosis,GEN003,End stage renal disease,9970,0.0
Diagnosis,GEN023,Postmenopausal atrophic vaginitis,21100,0.0
Diagnosis,GEN023,Menopausal and female climacteric states,14023,0.0
Diagnosis,GEN023,Symptomatic menopausal or female climacteric states,12301,0.0
Diagnosis,GEN023,Hormone replacement therapy,11838,0.0
Diagnosis,GEN023,Postmenopausal bleeding,11060,0.0
Medication,W8F,SODIUM CHLORIDE 0.9 % IRRIG SOLN,70154,0.0
Medication,W8F,"WATER FOR IRRIGATION, STERILE IRRIG SOLN",25367,0.0
Medication,W8F,LACTATED RINGERS IRRIG SOLN,12644,0.0
Medication,W8F,PHYSIO. IRRIGATION COMB. NO.1 140-5-3-98 MEQ/L IRRIG SOLN,848,0.0
Medication,W8F,"NEOMYCIN-POLYMYXIN B GU 40 MG-200,000 UNIT/ML IRRIG SOLN",797,0.0
